x,exact,equidistant,chebyshev
-1,-0.0384615,-0.0384615,-0.0384927
-0.999,-0.0385712,-0.0384975,-0.0386013
-0.998,-0.0386813,-0.0385358,-0.0387099
-0.997,-0.0387917,-0.0385762,-0.0388183
-0.996,-0.0389026,-0.0386189,-0.0389267
-0.995,-0.0390139,-0.0386637,-0.0390351
-0.994,-0.0391256,-0.0387106,-0.0391434
-0.993,-0.0392377,-0.0387597,-0.0392518
-0.992,-0.0393502,-0.0388108,-0.0393602
-0.991,-0.0394631,-0.038864,-0.0394687
-0.99,-0.0395764,-0.0389192,-0.0395773
-0.989,-0.0396902,-0.0389764,-0.039686
-0.988,-0.0398043,-0.0390356,-0.0397948
-0.987,-0.0399189,-0.0390967,-0.0399038
-0.986,-0.0400339,-0.0391597,-0.0400129
-0.985,-0.0401493,-0.0392246,-0.0401222
-0.984,-0.0402652,-0.0392914,-0.0402318
-0.983,-0.0403814,-0.03936,-0.0403416
-0.982,-0.0404982,-0.0394305,-0.0404516
-0.981,-0.0406153,-0.0395027,-0.040562
-0.98,-0.0407329,-0.0395767,-0.0406726
-0.979,-0.0408509,-0.0396525,-0.0407836
-0.978,-0.0409693,-0.0397299,-0.0408949
-0.977,-0.0410882,-0.0398091,-0.0410066
-0.976,-0.0412075,-0.03989,-0.0411186
-0.975,-0.0413272,-0.0399725,-0.041231
-0.974,-0.0414474,-0.0400566,-0.0413439
-0.973,-0.0415681,-0.0401424,-0.0414572
-0.972,-0.0416891,-0.0402298,-0.041571
-0.971,-0.0418107,-0.0403187,-0.0416852
-0.97,-0.0419327,-0.0404092,-0.0417999
-0.969,-0.0420551,-0.0405012,-0.0419151
-0.968,-0.042178,-0.0405948,-0.0420309
-0.967,-0.0423014,-0.0406898,-0.0421472
-0.966,-0.0424252,-0.0407863,-0.042264
-0.965,-0.0425494,-0.0408843,-0.0423814
-0.964,-0.0426742,-0.0409837,-0.0424995
-0.963,-0.0427994,-0.0410845,-0.0426181
-0.962,-0.042925,-0.0411868,-0.0427374
-0.961,-0.0430512,-0.0412904,-0.0428573
-0.96,-0.0431778,-0.0413955,-0.0429778
-0.959,-0.0433048,-0.0415018,-0.0430991
-0.958,-0.0434324,-0.0416095,-0.043221
-0.957,-0.0435604,-0.0417186,-0.0433436
-0.956,-0.0436889,-0.0418289,-0.043467
-0.955,-0.0438179,-0.0419406,-0.0435911
-0.954,-0.0439474,-0.0420535,-0.0437159
-0.953,-0.0440773,-0.0421677,-0.0438415
-0.952,-0.0442078,-0.0422831,-0.0439679
-0.951,-0.0443387,-0.0423998,-0.0440951
-0.95,-0.0444701,-0.0425177,-0.044223
-0.949,-0.044602,-0.0426368,-0.0443518
-0.948,-0.0447344,-0.0427572,-0.0444815
-0.947,-0.0448674,-0.0428787,-0.0446119
-0.946,-0.0450008,-0.0430013,-0.0447433
-0.945,-0.0451347,-0.0431252,-0.0448755
-0.944,-0.0452691,-0.0432501,-0.0450086
-0.943,-0.045404,-0.0433763,-0.0451426
-0.942,-0.0455394,-0.0435035,-0.0452775
-0.941,-0.0456754,-0.0436318,-0.0454134
-0.94,-0.0458118,-0.0437613,-0.0455502
-0.939,-0.0459488,-0.0438919,-0.0456879
-0.938,-0.0460863,-0.0440235,-0.0458266
-0.937,-0.0462243,-0.0441562,-0.0459663
-0.936,-0.0463628,-0.04429,-0.046107
-0.935,-0.0465018,-0.0444248,-0.0462487
-0.934,-0.0466414,-0.0445607,-0.0463913
-0.933,-0.0467815,-0.0446976,-0.0465351
-0.932,-0.0469221,-0.0448355,-0.0466798
-0.931,-0.0470633,-0.0449744,-0.0468256
-0.93,-0.047205,-0.0451144,-0.0469724
-0.929,-0.0473472,-0.0452553,-0.0471204
-0.928,-0.04749,-0.0453973,-0.0472694
-0.927,-0.0476333,-0.0455402,-0.0474195
-0.926,-0.0477772,-0.0456841,-0.0475707
-0.925,-0.0479216,-0.045829,-0.047723
-0.924,-0.0480666,-0.0459748,-0.0478764
-0.923,-0.0482121,-0.0461216,-0.048031
-0.922,-0.0483582,-0.0462694,-0.0481867
-0.921,-0.0485048,-0.0464181,-0.0483436
-0.92,-0.048652,-0.0465677,-0.0485016
-0.919,-0.0487997,-0.0467183,-0.0486609
-0.918,-0.048948,-0.0468698,-0.0488213
-0.917,-0.0490969,-0.0470222,-0.0489829
-0.916,-0.0492463,-0.0471755,-0.0491457
-0.915,-0.0493963,-0.0473297,-0.0493097
-0.914,-0.0495469,-0.0474849,-0.049475
-0.913,-0.0496981,-0.0476409,-0.0496415
-0.912,-0.0498498,-0.0477979,-0.0498092
-0.911,-0.0500021,-0.0479557,-0.0499782
-0.91,-0.050155,-0.0481145,-0.0501485
-0.909,-0.0503085,-0.0482741,-0.05032
-0.908,-0.0504626,-0.0484346,-0.0504928
-0.907,-0.0506173,-0.0485959,-0.050667
-0.906,-0.0507725,-0.0487582,-0.0508424
-0.905,-0.0509284,-0.0489213,-0.0510191
-0.904,-0.0510848,-0.0490853,-0.0511972
-0.903,-0.0512419,-0.0492502,-0.0513766
-0.902,-0.0513996,-0.0494159,-0.0515573
-0.901,-0.0515578,-0.0495825,-0.0517394
-0.9,-0.0517167,-0.04975,-0.0519228
-0.899,-0.0518762,-0.0499183,-0.0521076
-0.898,-0.0520363,-0.0500875,-0.0522938
-0.897,-0.052197,-0.0502575,-0.0524814
-0.896,-0.0523584,-0.0504284,-0.0526703
-0.895,-0.0525203,-0.0506001,-0.0528607
-0.894,-0.0526829,-0.0507727,-0.0530525
-0.893,-0.0528461,-0.0509462,-0.0532456
-0.892,-0.0530099,-0.0511205,-0.0534403
-0.891,-0.0531744,-0.0512956,-0.0536363
-0.89,-0.0533395,-0.0514716,-0.0538338
-0.889,-0.0535053,-0.0516485,-0.0540328
-0.888,-0.0536717,-0.0518262,-0.0542332
-0.887,-0.0538387,-0.0520047,-0.0544351
-0.886,-0.0540064,-0.0521841,-0.0546384
-0.885,-0.0541747,-0.0523644,-0.0548433
-0.884,-0.0543437,-0.0525455,-0.0550496
-0.883,-0.0545133,-0.0527275,-0.0552575
-0.882,-0.0546836,-0.0529103,-0.0554668
-0.881,-0.0548546,-0.053094,-0.0556777
-0.88,-0.0550262,-0.0532785,-0.0558901
-0.879,-0.0551985,-0.0534639,-0.056104
-0.878,-0.0553714,-0.0536502,-0.0563195
-0.877,-0.0555451,-0.0538373,-0.0565366
-0.876,-0.0557193,-0.0540253,-0.0567552
-0.875,-0.0558943,-0.0542141,-0.0569753
-0.874,-0.05607,-0.0544038,-0.0571971
-0.873,-0.0562463,-0.0545944,-0.0574204
-0.872,-0.0564233,-0.0547859,-0.0576453
-0.871,-0.0566011,-0.0549782,-0.0578718
-0.87,-0.0567795,-0.0551714,-0.0580999
-0.869,-0.0569586,-0.0553655,-0.0583297
-0.868,-0.0571384,-0.0555605,-0.058561
-0.867,-0.0573189,-0.0557564,-0.058794
-0.866,-0.0575001,-0.0559532,-0.0590287
-0.865,-0.057682,-0.0561508,-0.0592649
-0.864,-0.0578646,-0.0563494,-0.0595029
-0.863,-0.0580479,-0.0565488,-0.0597425
-0.862,-0.058232,-0.0567492,-0.0599837
-0.861,-0.0584168,-0.0569505,-0.0602267
-0.86,-0.0586023,-0.0571527,-0.0604713
-0.859,-0.0587885,-0.0573558,-0.0607176
-0.858,-0.0589754,-0.0575598,-0.0609657
-0.857,-0.0591631,-0.0577648,-0.0612154
-0.856,-0.0593515,-0.0579707,-0.0614669
-0.855,-0.0595406,-0.0581775,-0.0617201
-0.854,-0.0597305,-0.0583852,-0.061975
-0.853,-0.0599212,-0.058594,-0.0622316
-0.852,-0.0601125,-0.0588036,-0.0624901
-0.851,-0.0603047,-0.0590142,-0.0627502
-0.85,-0.0604975,-0.0592258,-0.0630122
-0.849,-0.0606912,-0.0594383,-0.0632759
-0.848,-0.0608856,-0.0596519,-0.0635414
-0.847,-0.0610807,-0.0598664,-0.0638086
-0.846,-0.0612767,-0.0600818,-0.0640777
-0.845,-0.0614734,-0.0602983,-0.0643486
-0.844,-0.0616708,-0.0605158,-0.0646213
-0.843,-0.0618691,-0.0607342,-0.0648958
-0.842,-0.0620681,-0.0609537,-0.0651721
-0.841,-0.0622679,-0.0611742,-0.0654503
-0.84,-0.0624685,-0.0613957,-0.0657303
-0.839,-0.0626698,-0.0616182,-0.0660122
-0.838,-0.062872,-0.0618417,-0.0662959
-0.837,-0.063075,-0.0620663,-0.0665815
-0.836,-0.0632787,-0.062292,-0.066869
-0.835,-0.0634833,-0.0625187,-0.0671584
-0.834,-0.0636887,-0.0627464,-0.0674496
-0.833,-0.0638948,-0.0629752,-0.0677428
-0.832,-0.0641018,-0.0632051,-0.0680379
-0.831,-0.0643096,-0.0634361,-0.0683349
-0.83,-0.0645182,-0.0636682,-0.0686338
-0.829,-0.0647277,-0.0639013,-0.0689346
-0.828,-0.0649379,-0.0641356,-0.0692374
-0.827,-0.065149,-0.0643709,-0.0695421
-0.826,-0.065361,-0.0646074,-0.0698488
-0.825,-0.0655737,-0.064845,-0.0701575
-0.824,-0.0657873,-0.0650837,-0.0704681
-0.823,-0.0660018,-0.0653236,-0.0707807
-0.822,-0.066217,-0.0655646,-0.0710954
-0.821,-0.0664332,-0.0658068,-0.071412
-0.82,-0.0666502,-0.0660502,-0.0717306
-0.819,-0.066868,-0.0662947,-0.0720512
-0.818,-0.0670867,-0.0665404,-0.0723739
-0.817,-0.0673063,-0.0667872,-0.0726986
-0.816,-0.0675267,-0.0670353,-0.0730253
-0.815,-0.067748,-0.0672846,-0.0733541
-0.814,-0.0679702,-0.0675351,-0.0736849
-0.813,-0.0681933,-0.0677868,-0.0740178
-0.812,-0.0684172,-0.0680398,-0.0743528
-0.811,-0.068642,-0.068294,-0.0746899
-0.81,-0.0688677,-0.0685494,-0.0750291
-0.809,-0.0690943,-0.0688061,-0.0753703
-0.808,-0.0693218,-0.069064,-0.0757137
-0.807,-0.0695502,-0.0693233,-0.0760592
-0.806,-0.0697795,-0.0695838,-0.0764068
-0.805,-0.0700097,-0.0698456,-0.0767566
-0.804,-0.0702408,-0.0701087,-0.0771085
-0.803,-0.0704728,-0.0703731,-0.0774625
-0.802,-0.0707057,-0.0706389,-0.0778188
-0.801,-0.0709396,-0.070906,-0.0781772
-0.8,-0.0711744,-0.0711744,-0.0785377
-0.799,-0.0714101,-0.0714441,-0.0789005
-0.798,-0.0716467,-0.0717153,-0.0792655
-0.797,-0.0718843,-0.0719877,-0.0796327
-0.796,-0.0721228,-0.0722616,-0.080002
-0.795,-0.0723623,-0.0725369,-0.0803737
-0.794,-0.0726027,-0.0728135,-0.0807475
-0.793,-0.072844,-0.0730916,-0.0811236
-0.792,-0.0730863,-0.073371,-0.081502
-0.791,-0.0733296,-0.0736519,-0.0818826
-0.79,-0.0735738,-0.0739343,-0.0822655
-0.789,-0.073819,-0.074218,-0.0826507
-0.788,-0.0740651,-0.0745033,-0.0830381
-0.787,-0.0743122,-0.07479,-0.0834279
-0.786,-0.0745603,-0.0750782,-0.08382
-0.785,-0.0748094,-0.0753678,-0.0842144
-0.784,-0.0750595,-0.075659,-0.0846111
-0.783,-0.0753105,-0.0759517,-0.0850102
-0.782,-0.0755626,-0.0762459,-0.0854116
-0.781,-0.0758156,-0.0765416,-0.0858154
-0.78,-0.0760696,-0.0768388,-0.0862215
-0.779,-0.0763247,-0.0771376,-0.08663
-0.778,-0.0765807,-0.077438,-0.0870409
-0.777,-0.0768377,-0.0777399,-0.0874542
-0.776,-0.0770958,-0.0780434,-0.0878699
-0.775,-0.0773549,-0.0783485,-0.0882881
-0.774,-0.077615,-0.0786552,-0.0887086
-0.773,-0.0778761,-0.0789635,-0.0891316
-0.772,-0.0781383,-0.0792735,-0.089557
-0.771,-0.0784014,-0.0795851,-0.0899849
-0.77,-0.0786657,-0.0798983,-0.0904153
-0.769,-0.0789309,-0.0802132,-0.0908481
-0.768,-0.0791972,-0.0805297,-0.0912835
-0.767,-0.0794646,-0.0808479,-0.0917213
-0.766,-0.079733,-0.0811678,-0.0921616
-0.765,-0.0800024,-0.0814894,-0.0926045
-0.764,-0.080273,-0.0818127,-0.0930498
-0.763,-0.0805445,-0.0821378,-0.0934977
-0.762,-0.0808172,-0.0824645,-0.0939482
-0.761,-0.0810909,-0.082793,-0.0944012
-0.76,-0.0813657,-0.0831233,-0.0948568
-0.759,-0.0816416,-0.0834553,-0.095315
-0.758,-0.0819185,-0.0837892,-0.0957757
-0.757,-0.0821966,-0.0841247,-0.0962391
-0.756,-0.0824757,-0.0844621,-0.096705
-0.755,-0.0827559,-0.0848013,-0.0971736
-0.754,-0.0830373,-0.0851424,-0.0976448
-0.753,-0.0833197,-0.0854852,-0.0981187
-0.752,-0.0836032,-0.0858299,-0.0985952
-0.751,-0.0838879,-0.0861765,-0.0990744
-0.75,-0.0841736,-0.0865249,-0.0995563
-0.749,-0.0844605,-0.0868752,-0.100041
-0.748,-0.0847485,-0.0872274,-0.100528
-0.747,-0.0850376,-0.0875815,-0.101018
-0.746,-0.0853278,-0.0879375,-0.101511
-0.745,-0.0856192,-0.0882955,-0.102006
-0.744,-0.0859117,-0.0886554,-0.102504
-0.743,-0.0862054,-0.0890172,-0.103005
-0.742,-0.0865002,-0.089381,-0.103509
-0.741,-0.0867961,-0.0897467,-0.104015
-0.74,-0.0870932,-0.0901144,-0.104524
-0.739,-0.0873915,-0.0904842,-0.105036
-0.738,-0.0876909,-0.0908559,-0.105551
-0.737,-0.0879914,-0.0912296,-0.106069
-0.736,-0.0882932,-0.0916054,-0.106589
-0.735,-0.0885961,-0.0919832,-0.107113
-0.734,-0.0889002,-0.0923631,-0.107639
-0.733,-0.0892055,-0.092745,-0.108168
-0.732,-0.0895119,-0.093129,-0.1087
-0.731,-0.0898195,-0.0935151,-0.109234
-0.73,-0.0901283,-0.0939033,-0.109772
-0.729,-0.0904384,-0.0942936,-0.110313
-0.728,-0.0907496,-0.094686,-0.110856
-0.727,-0.091062,-0.0950806,-0.111403
-0.726,-0.0913756,-0.0954773,-0.111952
-0.725,-0.0916904,-0.0958762,-0.112504
-0.724,-0.0920065,-0.0962772,-0.11306
-0.723,-0.0923237,-0.0966804,-0.113618
-0.722,-0.0926422,-0.0970858,-0.114179
-0.721,-0.0929619,-0.0974934,-0.114743
-0.72,-0.0932828,-0.0979032,-0.115311
-0.719,-0.093605,-0.0983153,-0.115881
-0.718,-0.0939283,-0.0987295,-0.116454
-0.717,-0.094253,-0.0991461,-0.117031
-0.716,-0.0945788,-0.0995649,-0.11761
-0.715,-0.0949059,-0.0999859,-0.118193
-0.714,-0.0952343,-0.100409,-0.118778
-0.713,-0.0955639,-0.100835,-0.119367
-0.712,-0.0958948,-0.101263,-0.119959
-0.711,-0.0962269,-0.101693,-0.120554
-0.71,-0.0965603,-0.102126,-0.121152
-0.709,-0.0968949,-0.102561,-0.121753
-0.708,-0.0972308,-0.102998,-0.122358
-0.707,-0.097568,-0.103438,-0.122965
-0.706,-0.0979065,-0.10388,-0.123576
-0.705,-0.0982463,-0.104324,-0.12419
-0.704,-0.0985873,-0.104771,-0.124807
-0.703,-0.0989296,-0.105221,-0.125427
-0.702,-0.0992732,-0.105672,-0.126051
-0.701,-0.0996181,-0.106126,-0.126678
-0.7,-0.0999643,-0.106583,-0.127308
-0.699,-0.100312,-0.107042,-0.127941
-0.698,-0.100661,-0.107504,-0.128578
-0.697,-0.101011,-0.107968,-0.129218
-0.696,-0.101362,-0.108434,-0.129861
-0.695,-0.101715,-0.108903,-0.130508
-0.694,-0.102069,-0.109375,-0.131157
-0.693,-0.102424,-0.109849,-0.131811
-0.692,-0.102781,-0.110325,-0.132467
-0.691,-0.103139,-0.110805,-0.133127
-0.69,-0.103498,-0.111286,-0.13379
-0.689,-0.103859,-0.111771,-0.134457
-0.688,-0.104221,-0.112258,-0.135127
-0.687,-0.104584,-0.112747,-0.135801
-0.686,-0.104949,-0.113239,-0.136478
-0.685,-0.105315,-0.113734,-0.137158
-0.684,-0.105682,-0.114231,-0.137842
-0.683,-0.106051,-0.114731,-0.13853
-0.682,-0.106421,-0.115234,-0.13922
-0.681,-0.106792,-0.115739,-0.139915
-0.68,-0.107165,-0.116247,-0.140613
-0.679,-0.107539,-0.116758,-0.141314
-0.678,-0.107915,-0.117272,-0.142019
-0.677,-0.108292,-0.117788,-0.142727
-0.676,-0.10867,-0.118307,-0.143439
-0.675,-0.109049,-0.118828,-0.144155
-0.674,-0.10943,-0.119353,-0.144874
-0.673,-0.109813,-0.11988,-0.145597
-0.672,-0.110196,-0.12041,-0.146323
-0.671,-0.110581,-0.120942,-0.147053
-0.67,-0.110968,-0.121478,-0.147786
-0.669,-0.111356,-0.122016,-0.148524
-0.668,-0.111745,-0.122557,-0.149265
-0.667,-0.112136,-0.123101,-0.150009
-0.666,-0.112528,-0.123648,-0.150757
-0.665,-0.112921,-0.124197,-0.151509
-0.664,-0.113316,-0.12475,-0.152265
-0.663,-0.113712,-0.125305,-0.153025
-0.662,-0.11411,-0.125863,-0.153788
-0.661,-0.114508,-0.126425,-0.154555
-0.66,-0.114909,-0.126989,-0.155325
-0.659,-0.115311,-0.127555,-0.1561
-0.658,-0.115714,-0.128125,-0.156878
-0.657,-0.116118,-0.128698,-0.15766
-0.656,-0.116524,-0.129274,-0.158446
-0.655,-0.116932,-0.129853,-0.159235
-0.654,-0.11734,-0.130434,-0.160029
-0.653,-0.117751,-0.131019,-0.160826
-0.652,-0.118162,-0.131606,-0.161628
-0.651,-0.118575,-0.132197,-0.162433
-0.65,-0.11899,-0.132791,-0.163242
-0.649,-0.119406,-0.133387,-0.164055
-0.648,-0.119823,-0.133987,-0.164871
-0.647,-0.120242,-0.13459,-0.165692
-0.646,-0.120662,-0.135196,-0.166517
-0.645,-0.121083,-0.135804,-0.167346
-0.644,-0.121506,-0.136416,-0.168178
-0.643,-0.12193,-0.137031,-0.169015
-0.642,-0.122356,-0.13765,-0.169856
-0.641,-0.122783,-0.138271,-0.1707
-0.64,-0.123212,-0.138895,-0.171549
-0.639,-0.123642,-0.139522,-0.172402
-0.638,-0.124073,-0.140153,-0.173258
-0.637,-0.124506,-0.140787,-0.174119
-0.636,-0.12494,-0.141424,-0.174984
-0.635,-0.125376,-0.142064,-0.175853
-0.634,-0.125813,-0.142707,-0.176726
-0.633,-0.126252,-0.143353,-0.177603
-0.632,-0.126692,-0.144003,-0.178485
-0.631,-0.127133,-0.144656,-0.17937
-0.63,-0.127576,-0.145312,-0.18026
-0.629,-0.12802,-0.145971,-0.181153
-0.628,-0.128466,-0.146633,-0.182051
-0.627,-0.128913,-0.147299,-0.182953
-0.626,-0.129361,-0.147968,-0.18386
-0.625,-0.129811,-0.14864,-0.18477
-0.624,-0.130262,-0.149315,-0.185685
-0.623,-0.130715,-0.149994,-0.186604
-0.622,-0.131169,-0.150676,-0.187527
-0.621,-0.131624,-0.151362,-0.188455
-0.62,-0.132081,-0.15205,-0.189387
-0.619,-0.132539,-0.152742,-0.190323
-0.618,-0.132999,-0.153437,-0.191263
-0.617,-0.13346,-0.154136,-0.192208
-0.616,-0.133923,-0.154838,-0.193157
-0.615,-0.134386,-0.155543,-0.194111
-0.614,-0.134852,-0.156252,-0.195069
-0.613,-0.135318,-0.156964,-0.196031
-0.612,-0.135786,-0.157679,-0.196997
-0.611,-0.136256,-0.158398,-0.197968
-0.61,-0.136727,-0.15912,-0.198944
-0.609,-0.137199,-0.159846,-0.199923
-0.608,-0.137672,-0.160575,-0.200908
-0.607,-0.138147,-0.161307,-0.201896
-0.606,-0.138623,-0.162043,-0.202889
-0.605,-0.139101,-0.162782,-0.203887
-0.604,-0.13958,-0.163525,-0.204889
-0.603,-0.14006,-0.164271,-0.205896
-0.602,-0.140542,-0.16502,-0.206907
-0.601,-0.141025,-0.165773,-0.207922
-0.6,-0.141509,-0.16653,-0.208942
-0.599,-0.141995,-0.16729,-0.209967
-0.598,-0.142482,-0.168053,-0.210996
-0.597,-0.142971,-0.16882,-0.21203
-0.596,-0.14346,-0.169591,-0.213068
-0.595,-0.143951,-0.170365,-0.214111
-0.594,-0.144444,-0.171142,-0.215159
-0.593,-0.144937,-0.171923,-0.216211
-0.592,-0.145432,-0.172708,-0.217268
-0.591,-0.145928,-0.173496,-0.218329
-0.59,-0.146426,-0.174288,-0.219395
-0.589,-0.146925,-0.175083,-0.220466
-0.588,-0.147425,-0.175882,-0.221542
-0.587,-0.147926,-0.176684,-0.222622
-0.586,-0.148429,-0.17749,-0.223707
-0.585,-0.148933,-0.1783,-0.224796
-0.584,-0.149438,-0.179113,-0.22589
-0.583,-0.149944,-0.179929,-0.22699
-0.582,-0.150452,-0.18075,-0.228093
-0.581,-0.150961,-0.181574,-0.229202
-0.58,-0.151471,-0.182401,-0.230315
-0.579,-0.151982,-0.183232,-0.231433
-0.578,-0.152494,-0.184067,-0.232556
-0.577,-0.153008,-0.184905,-0.233684
-0.576,-0.153523,-0.185747,-0.234816
-0.575,-0.154039,-0.186593,-0.235954
-0.574,-0.154556,-0.187442,-0.237096
-0.573,-0.155074,-0.188295,-0.238243
-0.572,-0.155594,-0.189152,-0.239395
-0.571,-0.156115,-0.190012,-0.240551
-0.57,-0.156636,-0.190876,-0.241713
-0.569,-0.157159,-0.191744,-0.24288
-0.568,-0.157683,-0.192615,-0.244051
-0.567,-0.158208,-0.19349,-0.245227
-0.566,-0.158735,-0.194369,-0.246409
-0.565,-0.159262,-0.195251,-0.247595
-0.564,-0.15979,-0.196137,-0.248786
-0.563,-0.16032,-0.197027,-0.249982
-0.562,-0.16085,-0.19792,-0.251184
-0.561,-0.161382,-0.198818,-0.25239
-0.56,-0.161914,-0.199719,-0.253601
-0.559,-0.162448,-0.200623,-0.254817
-0.558,-0.162982,-0.201532,-0.256038
-0.557,-0.163518,-0.202444,-0.257264
-0.556,-0.164054,-0.20336,-0.258495
-0.555,-0.164591,-0.204279,-0.259732
-0.554,-0.16513,-0.205202,-0.260973
-0.553,-0.165669,-0.206129,-0.262219
-0.552,-0.166209,-0.20706,-0.263471
-0.551,-0.16675,-0.207995,-0.264727
-0.55,-0.167292,-0.208933,-0.265989
-0.549,-0.167835,-0.209875,-0.267256
-0.548,-0.168379,-0.210821,-0.268528
-0.547,-0.168924,-0.211771,-0.269805
-0.546,-0.169469,-0.212724,-0.271087
-0.545,-0.170015,-0.213681,-0.272374
-0.544,-0.170562,-0.214642,-0.273666
-0.543,-0.17111,-0.215607,-0.274964
-0.542,-0.171658,-0.216575,-0.276267
-0.541,-0.172208,-0.217548,-0.277575
-0.54,-0.172758,-0.218524,-0.278888
-0.539,-0.173308,-0.219504,-0.280206
-0.538,-0.17386,-0.220487,-0.28153
-0.537,-0.174412,-0.221475,-0.282859
-0.536,-0.174965,-0.222466,-0.284193
-0.535,-0.175518,-0.223461,-0.285532
-0.534,-0.176072,-0.22446,-0.286876
-0.533,-0.176627,-0.225462,-0.288226
-0.532,-0.177182,-0.226469,-0.289581
-0.531,-0.177738,-0.227479,-0.290942
-0.53,-0.178294,-0.228493,-0.292307
-0.529,-0.178851,-0.229511,-0.293678
-0.528,-0.179408,-0.230532,-0.295054
-0.527,-0.179966,-0.231558,-0.296436
-0.526,-0.180524,-0.232587,-0.297823
-0.525,-0.181083,-0.23362,-0.299215
-0.524,-0.181642,-0.234657,-0.300613
-0.523,-0.182201,-0.235697,-0.302015
-0.522,-0.182761,-0.236742,-0.303424
-0.521,-0.183321,-0.23779,-0.304837
-0.52,-0.183882,-0.238842,-0.306256
-0.519,-0.184443,-0.239898,-0.30768
-0.518,-0.185004,-0.240957,-0.30911
-0.517,-0.185565,-0.242021,-0.310545
-0.516,-0.186127,-0.243088,-0.311986
-0.515,-0.186688,-0.244159,-0.313432
-0.514,-0.18725,-0.245234,-0.314883
-0.513,-0.187812,-0.246312,-0.31634
-0.512,-0.188375,-0.247395,-0.317802
-0.511,-0.188937,-0.248481,-0.31927
-0.51,-0.189499,-0.249571,-0.320743
-0.509,-0.190062,-0.250665,-0.322221
-0.508,-0.190624,-0.251762,-0.323705
-0.507,-0.191187,-0.252864,-0.325194
-0.506,-0.191749,-0.253969,-0.326689
-0.505,-0.192312,-0.255078,-0.32819
-0.504,-0.192874,-0.25619,-0.329696
-0.503,-0.193436,-0.257307,-0.331207
-0.502,-0.193998,-0.258427,-0.332724
-0.501,-0.19456,-0.259551,-0.334246
-0.5,-0.195122,-0.260679,-0.335774
-0.499,-0.195683,-0.26181,-0.337307
-0.498,-0.196245,-0.262946,-0.338846
-0.497,-0.196805,-0.264085,-0.340391
-0.496,-0.197366,-0.265227,-0.341941
-0.495,-0.197926,-0.266374,-0.343496
-0.494,-0.198486,-0.267524,-0.345057
-0.493,-0.199046,-0.268678,-0.346624
-0.492,-0.199604,-0.269836,-0.348196
-0.491,-0.200163,-0.270998,-0.349773
-0.49,-0.200721,-0.272163,-0.351357
-0.489,-0.201278,-0.273332,-0.352946
-0.488,-0.201835,-0.274504,-0.35454
-0.487,-0.202391,-0.275681,-0.35614
-0.486,-0.202947,-0.276861,-0.357746
-0.485,-0.203502,-0.278045,-0.359357
-0.484,-0.204056,-0.279232,-0.360973
-0.483,-0.20461,-0.280423,-0.362596
-0.482,-0.205162,-0.281618,-0.364224
-0.481,-0.205714,-0.282816,-0.365857
-0.48,-0.206265,-0.284019,-0.367496
-0.479,-0.206815,-0.285224,-0.369141
-0.478,-0.207364,-0.286434,-0.370791
-0.477,-0.207912,-0.287647,-0.372447
-0.476,-0.20846,-0.288864,-0.374109
-0.475,-0.209006,-0.290084,-0.375776
-0.474,-0.209551,-0.291308,-0.377449
-0.473,-0.210095,-0.292536,-0.379128
-0.472,-0.210637,-0.293767,-0.380812
-0.471,-0.211179,-0.295002,-0.382502
-0.47,-0.211719,-0.29624,-0.384197
-0.469,-0.212258,-0.297482,-0.385898
-0.468,-0.212796,-0.298728,-0.387605
-0.467,-0.213333,-0.299977,-0.389317
-0.466,-0.213868,-0.30123,-0.391035
-0.465,-0.214401,-0.302486,-0.392759
-0.464,-0.214933,-0.303746,-0.394488
-0.463,-0.215464,-0.305009,-0.396223
-0.462,-0.215993,-0.306276,-0.397964
-0.461,-0.21652,-0.307546,-0.39971
-0.46,-0.217046,-0.30882,-0.401462
-0.459,-0.21757,-0.310097,-0.40322
-0.458,-0.218093,-0.311378,-0.404983
-0.457,-0.218613,-0.312662,-0.406752
-0.456,-0.219132,-0.31395,-0.408527
-0.455,-0.219649,-0.315241,-0.410307
-0.454,-0.220164,-0.316536,-0.412093
-0.453,-0.220678,-0.317834,-0.413885
-0.452,-0.221189,-0.319135,-0.415682
-0.451,-0.221698,-0.32044,-0.417485
-0.45,-0.222205,-0.321748,-0.419294
-0.449,-0.22271,-0.32306,-0.421108
-0.448,-0.223213,-0.324375,-0.422928
-0.447,-0.223714,-0.325693,-0.424754
-0.446,-0.224212,-0.327015,-0.426585
-0.445,-0.224708,-0.32834,-0.428422
-0.444,-0.225202,-0.329668,-0.430265
-0.443,-0.225693,-0.330999,-0.432113
-0.442,-0.226182,-0.332334,-0.433967
-0.441,-0.226669,-0.333672,-0.435827
-0.44,-0.227153,-0.335013,-0.437692
-0.439,-0.227634,-0.336358,-0.439563
-0.438,-0.228113,-0.337706,-0.44144
-0.437,-0.228589,-0.339057,-0.443322
-0.436,-0.229062,-0.340411,-0.44521
-0.435,-0.229533,-0.341768,-0.447104
-0.434,-0.230001,-0.343129,-0.449003
-0.433,-0.230466,-0.344492,-0.450908
-0.432,-0.230928,-0.345859,-0.452819
-0.431,-0.231387,-0.347229,-0.454735
-0.43,-0.231843,-0.348602,-0.456657
-0.429,-0.232297,-0.349978,-0.458585
-0.428,-0.232747,-0.351357,-0.460518
-0.427,-0.233194,-0.352739,-0.462457
-0.426,-0.233637,-0.354124,-0.464401
-0.425,-0.234078,-0.355512,-0.466351
-0.424,-0.234515,-0.356903,-0.468307
-0.423,-0.234949,-0.358297,-0.470268
-0.422,-0.23538,-0.359694,-0.472235
-0.421,-0.235807,-0.361094,-0.474208
-0.42,-0.236231,-0.362497,-0.476186
-0.419,-0.236651,-0.363902,-0.47817
-0.418,-0.237067,-0.365311,-0.480159
-0.417,-0.23748,-0.366722,-0.482154
-0.416,-0.23789,-0.368137,-0.484155
-0.415,-0.238295,-0.369554,-0.486161
-0.414,-0.238697,-0.370974,-0.488173
-0.413,-0.239095,-0.372396,-0.49019
-0.412,-0.23949,-0.373822,-0.492213
-0.411,-0.23988,-0.37525,-0.494241
-0.41,-0.240266,-0.37668,-0.496275
-0.409,-0.240649,-0.378114,-0.498315
-0.408,-0.241027,-0.37955,-0.50036
-0.407,-0.241401,-0.380989,-0.502411
-0.406,-0.241771,-0.38243,-0.504467
-0.405,-0.242137,-0.383874,-0.506529
-0.404,-0.242499,-0.38532,-0.508596
-0.403,-0.242856,-0.386769,-0.510669
-0.402,-0.243209,-0.388221,-0.512747
-0.401,-0.243558,-0.389675,-0.514831
-0.4,-0.243902,-0.391132,-0.51692
-0.399,-0.244242,-0.39259,-0.519015
-0.398,-0.244578,-0.394052,-0.521115
-0.397,-0.244908,-0.395516,-0.52322
-0.396,-0.245234,-0.396982,-0.525331
-0.395,-0.245556,-0.39845,-0.527448
-0.394,-0.245873,-0.399921,-0.52957
-0.393,-0.246185,-0.401394,-0.531697
-0.392,-0.246492,-0.402869,-0.53383
-0.391,-0.246794,-0.404347,-0.535968
-0.39,-0.247092,-0.405826,-0.538112
-0.389,-0.247384,-0.407308,-0.540261
-0.388,-0.247672,-0.408792,-0.542416
-0.387,-0.247955,-0.410279,-0.544575
-0.386,-0.248232,-0.411767,-0.546741
-0.385,-0.248505,-0.413257,-0.548911
-0.384,-0.248772,-0.41475,-0.551087
-0.383,-0.249034,-0.416244,-0.553268
-0.382,-0.249291,-0.41774,-0.555455
-0.381,-0.249543,-0.419239,-0.557646
-0.38,-0.249789,-0.420739,-0.559843
-0.379,-0.25003,-0.422241,-0.562046
-0.378,-0.250266,-0.423745,-0.564253
-0.377,-0.250496,-0.42525,-0.566466
-0.376,-0.25072,-0.426758,-0.568685
-0.375,-0.250939,-0.428267,-0.570908
-0.374,-0.251153,-0.429778,-0.573137
-0.373,-0.251361,-0.431291,-0.57537
-0.372,-0.251563,-0.432805,-0.577609
-0.371,-0.25176,-0.434321,-0.579854
-0.37,-0.251951,-0.435839,-0.582103
-0.369,-0.252136,-0.437358,-0.584357
-0.368,-0.252315,-0.438878,-0.586617
-0.367,-0.252489,-0.440401,-0.588882
-0.366,-0.252657,-0.441924,-0.591152
-0.365,-0.252819,-0.443449,-0.593427
-0.364,-0.252975,-0.444975,-0.595707
-0.363,-0.253125,-0.446503,-0.597992
-0.362,-0.253268,-0.448032,-0.600282
-0.361,-0.253406,-0.449562,-0.602578
-0.36,-0.253538,-0.451094,-0.604878
-0.359,-0.253664,-0.452626,-0.607183
-0.358,-0.253784,-0.45416,-0.609493
-0.357,-0.253897,-0.455695,-0.611809
-0.356,-0.254004,-0.457231,-0.614129
-0.355,-0.254106,-0.458768,-0.616454
-0.354,-0.2542,-0.460306,-0.618784
-0.353,-0.254289,-0.461845,-0.621119
-0.352,-0.254371,-0.463385,-0.623459
-0.351,-0.254447,-0.464926,-0.625804
-0.35,-0.254517,-0.466468,-0.628153
-0.349,-0.25458,-0.46801,-0.630508
-0.348,-0.254636,-0.469554,-0.632867
-0.347,-0.254687,-0.471098,-0.635231
-0.346,-0.254731,-0.472642,-0.6376
-0.345,-0.254768,-0.474188,-0.639974
-0.344,-0.254799,-0.475733,-0.642352
-0.343,-0.254823,-0.47728,-0.644735
-0.342,-0.254841,-0.478827,-0.647123
-0.341,-0.254852,-0.480374,-0.649515
-0.34,-0.254857,-0.481922,-0.651912
-0.339,-0.254854,-0.48347,-0.654314
-0.338,-0.254846,-0.485019,-0.65672
-0.337,-0.25483,-0.486567,-0.659131
-0.336,-0.254808,-0.488116,-0.661547
-0.335,-0.25478,-0.489665,-0.663967
-0.334,-0.254744,-0.491215,-0.666392
-0.333,-0.254702,-0.492764,-0.668821
-0.332,-0.254653,-0.494314,-0.671255
-0.331,-0.254598,-0.495863,-0.673693
-0.33,-0.254535,-0.497412,-0.676135
-0.329,-0.254466,-0.498962,-0.678582
-0.328,-0.25439,-0.500511,-0.681034
-0.327,-0.254307,-0.50206,-0.68349
-0.326,-0.254218,-0.503609,-0.68595
-0.325,-0.254121,-0.505157,-0.688414
-0.324,-0.254018,-0.506705,-0.690883
-0.323,-0.253908,-0.508253,-0.693356
-0.322,-0.253791,-0.5098,-0.695834
-0.321,-0.253667,-0.511347,-0.698315
-0.32,-0.253537,-0.512893,-0.700801
-0.319,-0.253399,-0.514438,-0.703291
-0.318,-0.253255,-0.515983,-0.705785
-0.317,-0.253104,-0.517527,-0.708283
-0.316,-0.252946,-0.519071,-0.710786
-0.315,-0.252781,-0.520613,-0.713292
-0.314,-0.252609,-0.522155,-0.715803
-0.313,-0.25243,-0.523696,-0.718317
-0.312,-0.252244,-0.525236,-0.720836
-0.311,-0.252052,-0.526774,-0.723358
-0.31,-0.251852,-0.528312,-0.725885
-0.309,-0.251646,-0.529848,-0.728415
-0.308,-0.251433,-0.531384,-0.73095
-0.307,-0.251213,-0.532918,-0.733488
-0.306,-0.250986,-0.53445,-0.73603
-0.305,-0.250752,-0.535981,-0.738575
-0.304,-0.250511,-0.537511,-0.741125
-0.303,-0.250264,-0.539039,-0.743678
-0.302,-0.250009,-0.540566,-0.746235
-0.301,-0.249748,-0.542091,-0.748796
-0.3,-0.24948,-0.543615,-0.75136
-0.299,-0.249205,-0.545136,-0.753928
-0.298,-0.248924,-0.546656,-0.7565
-0.297,-0.248635,-0.548174,-0.759075
-0.296,-0.24834,-0.54969,-0.761654
-0.295,-0.248038,-0.551204,-0.764236
-0.294,-0.247729,-0.552716,-0.766822
-0.293,-0.247414,-0.554226,-0.769411
-0.292,-0.247091,-0.555733,-0.772003
-0.291,-0.246762,-0.557239,-0.774599
-0.29,-0.246427,-0.558742,-0.777198
-0.289,-0.246084,-0.560242,-0.779801
-0.288,-0.245735,-0.56174,-0.782406
-0.287,-0.24538,-0.563236,-0.785015
-0.286,-0.245017,-0.564729,-0.787628
-0.285,-0.244648,-0.566219,-0.790243
-0.284,-0.244273,-0.567707,-0.792862
-0.283,-0.243891,-0.569192,-0.795483
-0.282,-0.243502,-0.570674,-0.798108
-0.281,-0.243107,-0.572153,-0.800735
-0.28,-0.242705,-0.573629,-0.803366
-0.279,-0.242297,-0.575102,-0.806
-0.278,-0.241882,-0.576572,-0.808636
-0.277,-0.241461,-0.578038,-0.811276
-0.276,-0.241033,-0.579501,-0.813918
-0.275,-0.240599,-0.580961,-0.816563
-0.274,-0.240159,-0.582418,-0.819211
-0.273,-0.239712,-0.58387,-0.821861
-0.272,-0.23926,-0.58532,-0.824515
-0.271,-0.2388,-0.586765,-0.827171
-0.27,-0.238335,-0.588207,-0.829829
-0.269,-0.237863,-0.589645,-0.83249
-0.268,-0.237385,-0.59108,-0.835154
-0.267,-0.236901,-0.59251,-0.83782
-0.266,-0.236411,-0.593936,-0.840488
-0.265,-0.235914,-0.595358,-0.843159
-0.264,-0.235412,-0.596776,-0.845833
-0.263,-0.234903,-0.598189,-0.848508
-0.262,-0.234389,-0.599598,-0.851186
-0.261,-0.233869,-0.601003,-0.853867
-0.26,-0.233342,-0.602403,-0.856549
-0.259,-0.23281,-0.603799,-0.859234
-0.258,-0.232271,-0.605189,-0.86192
-0.257,-0.231727,-0.606576,-0.864609
-0.256,-0.231178,-0.607957,-0.8673
-0.255,-0.230622,-0.609333,-0.869993
-0.254,-0.23006,-0.610704,-0.872687
-0.253,-0.229493,-0.61207,-0.875384
-0.252,-0.22892,-0.613431,-0.878082
-0.251,-0.228342,-0.614787,-0.880783
-0.25,-0.227758,-0.616137,-0.883485
-0.249,-0.227168,-0.617482,-0.886189
-0.248,-0.226573,-0.618821,-0.888894
-0.247,-0.225973,-0.620155,-0.891601
-0.246,-0.225367,-0.621483,-0.89431
-0.245,-0.224755,-0.622805,-0.89702
-0.244,-0.224138,-0.624121,-0.899732
-0.243,-0.223516,-0.625431,-0.902445
-0.242,-0.222889,-0.626735,-0.905159
-0.241,-0.222256,-0.628033,-0.907875
-0.24,-0.221618,-0.629325,-0.910592
-0.239,-0.220975,-0.63061,-0.913311
-0.238,-0.220327,-0.631889,-0.91603
-0.237,-0.219673,-0.633162,-0.918751
-0.236,-0.219015,-0.634427,-0.921473
-0.235,-0.218352,-0.635686,-0.924196
-0.234,-0.217683,-0.636938,-0.926919
-0.233,-0.21701,-0.638184,-0.929644
-0.232,-0.216332,-0.639422,-0.93237
-0.231,-0.215649,-0.640653,-0.935096
-0.23,-0.214961,-0.641877,-0.937824
-0.229,-0.214269,-0.643093,-0.940552
-0.228,-0.213571,-0.644302,-0.94328
-0.227,-0.21287,-0.645504,-0.94601
-0.226,-0.212163,-0.646698,-0.94874
-0.225,-0.211452,-0.647884,-0.95147
-0.224,-0.210736,-0.649062,-0.954201
-0.223,-0.210016,-0.650233,-0.956932
-0.222,-0.209291,-0.651395,-0.959664
-0.221,-0.208562,-0.65255,-0.962396
-0.22,-0.207829,-0.653696,-0.965128
-0.219,-0.207091,-0.654833,-0.96786
-0.218,-0.206349,-0.655963,-0.970593
-0.217,-0.205603,-0.657083,-0.973325
-0.216,-0.204852,-0.658195,-0.976058
-0.215,-0.204097,-0.659299,-0.97879
-0.214,-0.203339,-0.660393,-0.981523
-0.213,-0.202576,-0.661479,-0.984255
-0.212,-0.201809,-0.662555,-0.986987
-0.211,-0.201038,-0.663622,-0.989719
-0.21,-0.200263,-0.66468,-0.99245
-0.209,-0.199484,-0.665728,-0.995181
-0.208,-0.198702,-0.666767,-0.997911
-0.207,-0.197915,-0.667797,-1.00064
-0.206,-0.197125,-0.668816,-1.00337
-0.205,-0.196331,-0.669826,-1.0061
-0.204,-0.195534,-0.670825,-1.00883
-0.203,-0.194733,-0.671815,-1.01156
-0.202,-0.193928,-0.672794,-1.01428
-0.201,-0.19312,-0.673763,-1.01701
-0.2,-0.192308,-0.674721,-1.01973
-0.199,-0.191492,-0.675669,-1.02246
-0.198,-0.190674,-0.676606,-1.02518
-0.197,-0.189851,-0.677533,-1.0279
-0.196,-0.189026,-0.678448,-1.03062
-0.195,-0.188197,-0.679353,-1.03334
-0.194,-0.187365,-0.680246,-1.03606
-0.193,-0.18653,-0.681128,-1.03877
-0.192,-0.185691,-0.681998,-1.04149
-0.191,-0.18485,-0.682857,-1.0442
-0.19,-0.184005,-0.683704,-1.04691
-0.189,-0.183157,-0.68454,-1.04962
-0.188,-0.182307,-0.685363,-1.05233
-0.187,-0.181453,-0.686175,-1.05504
-0.186,-0.180596,-0.686974,-1.05774
-0.185,-0.179737,-0.687761,-1.06044
-0.184,-0.178874,-0.688536,-1.06314
-0.183,-0.178009,-0.689298,-1.06584
-0.182,-0.177141,-0.690047,-1.06854
-0.181,-0.17627,-0.690784,-1.07123
-0.18,-0.175397,-0.691507,-1.07392
-0.179,-0.174521,-0.692218,-1.07661
-0.178,-0.173642,-0.692915,-1.0793
-0.177,-0.172761,-0.693599,-1.08198
-0.176,-0.171877,-0.694269,-1.08466
-0.175,-0.170991,-0.694926,-1.08734
-0.174,-0.170102,-0.695569,-1.09002
-0.173,-0.169211,-0.696198,-1.09269
-0.172,-0.168317,-0.696813,-1.09536
-0.171,-0.167421,-0.697414,-1.09803
-0.17,-0.166523,-0.698001,-1.10069
-0.169,-0.165622,-0.698573,-1.10335
-0.168,-0.16472,-0.69913,-1.10601
-0.167,-0.163815,-0.699673,-1.10867
-0.166,-0.162907,-0.700201,-1.11132
-0.165,-0.161998,-0.700714,-1.11397
-0.164,-0.161087,-0.701212,-1.11661
-0.163,-0.160173,-0.701695,-1.11925
-0.162,-0.159258,-0.702162,-1.12189
-0.161,-0.15834,-0.702613,-1.12452
-0.16,-0.157421,-0.703049,-1.12715
-0.159,-0.156499,-0.703469,-1.12978
-0.158,-0.155576,-0.703872,-1.1324
-0.157,-0.154651,-0.70426,-1.13502
-0.156,-0.153724,-0.704631,-1.13763
-0.155,-0.152795,-0.704986,-1.14024
-0.154,-0.151865,-0.705324,-1.14284
-0.153,-0.150932,-0.705646,-1.14544
-0.152,-0.149998,-0.70595,-1.14804
-0.151,-0.149063,-0.706237,-1.15063
-0.15,-0.148125,-0.706507,-1.15322
-0.149,-0.147186,-0.70676,-1.1558
-0.148,-0.146246,-0.706995,-1.15838
-0.147,-0.145304,-0.707212,-1.16095
-0.146,-0.14436,-0.707412,-1.16352
-0.145,-0.143415,-0.707593,-1.16608
-0.144,-0.142469,-0.707757,-1.16863
-0.143,-0.141521,-0.707902,-1.17119
-0.142,-0.140571,-0.708028,-1.17373
-0.141,-0.13962,-0.708136,-1.17627
-0.14,-0.138668,-0.708225,-1.17881
-0.139,-0.137715,-0.708294,-1.18134
-0.138,-0.13676,-0.708345,-1.18386
-0.137,-0.135804,-0.708376,-1.18638
-0.136,-0.134847,-0.708388,-1.18889
-0.135,-0.133888,-0.708381,-1.1914
-0.134,-0.132929,-0.708353,-1.1939
-0.133,-0.131968,-0.708305,-1.19639
-0.132,-0.131006,-0.708237,-1.19888
-0.131,-0.130043,-0.708149,-1.20136
-0.13,-0.129078,-0.708041,-1.20384
-0.129,-0.128113,-0.707911,-1.2063
-0.128,-0.127147,-0.707761,-1.20876
-0.127,-0.126179,-0.70759,-1.21122
-0.126,-0.125211,-0.707397,-1.21367
-0.125,-0.124242,-0.707183,-1.21611
-0.124,-0.123271,-0.706948,-1.21854
-0.123,-0.1223,-0.706691,-1.22097
-0.122,-0.121328,-0.706412,-1.22339
-0.121,-0.120355,-0.706111,-1.2258
-0.12,-0.119381,-0.705787,-1.22821
-0.119,-0.118406,-0.705441,-1.2306
-0.118,-0.117431,-0.705073,-1.23299
-0.117,-0.116454,-0.704682,-1.23537
-0.116,-0.115477,-0.704267,-1.23775
-0.115,-0.114499,-0.70383,-1.24011
-0.114,-0.113521,-0.703369,-1.24247
-0.113,-0.112541,-0.702884,-1.24482
-0.112,-0.111561,-0.702376,-1.24716
-0.111,-0.11058,-0.701844,-1.2495
-0.11,-0.109599,-0.701288,-1.25182
-0.109,-0.108617,-0.700707,-1.25414
-0.108,-0.107634,-0.700102,-1.25645
-0.107,-0.106651,-0.699472,-1.25874
-0.106,-0.105666,-0.698817,-1.26103
-0.105,-0.104682,-0.698138,-1.26332
-0.104,-0.103697,-0.697433,-1.26559
-0.103,-0.102711,-0.696702,-1.26785
-0.102,-0.101725,-0.695946,-1.2701
-0.101,-0.100738,-0.695164,-1.27235
-0.1,-0.0997506,-0.694356,-1.27458
-0.099,-0.0987628,-0.693522,-1.27681
-0.098,-0.0977745,-0.692661,-1.27902
-0.097,-0.0967858,-0.691773,-1.28123
-0.096,-0.0957966,-0.690859,-1.28342
-0.095,-0.0948069,-0.689917,-1.28561
-0.094,-0.0938169,-0.688949,-1.28778
-0.093,-0.0928264,-0.687953,-1.28995
-0.092,-0.0918355,-0.686929,-1.2921
-0.091,-0.0908443,-0.685877,-1.29424
-0.09,-0.0898526,-0.684797,-1.29638
-0.089,-0.0888606,-0.683689,-1.2985
-0.088,-0.0878683,-0.682552,-1.30061
-0.087,-0.0868756,-0.681387,-1.30271
-0.086,-0.0858826,-0.680193,-1.3048
-0.085,-0.0848892,-0.678969,-1.30688
-0.084,-0.0838956,-0.677716,-1.30894
-0.083,-0.0829016,-0.676434,-1.311
-0.082,-0.0819074,-0.675122,-1.31304
-0.081,-0.0809129,-0.673779,-1.31507
-0.08,-0.0799182,-0.672407,-1.31709
-0.079,-0.0789231,-0.671004,-1.3191
-0.078,-0.0779279,-0.669571,-1.32109
-0.077,-0.0769324,-0.668106,-1.32308
-0.076,-0.0759367,-0.666611,-1.32505
-0.075,-0.0749407,-0.665084,-1.32701
-0.074,-0.0739446,-0.663525,-1.32895
-0.073,-0.0729482,-0.661935,-1.33089
-0.072,-0.0719517,-0.660313,-1.33281
-0.071,-0.0709549,-0.658658,-1.33472
-0.07,-0.069958,-0.656971,-1.33661
-0.069,-0.0689609,-0.655252,-1.33849
-0.068,-0.0679637,-0.653499,-1.34036
-0.067,-0.0669663,-0.651714,-1.34221
-0.066,-0.0659687,-0.649895,-1.34405
-0.065,-0.064971,-0.648042,-1.34588
-0.064,-0.0639732,-0.646156,-1.34769
-0.063,-0.0629752,-0.644235,-1.34949
-0.062,-0.0619771,-0.64228,-1.35128
-0.061,-0.0609789,-0.640291,-1.35305
-0.06,-0.0599806,-0.638266,-1.35481
-0.059,-0.0589821,-0.636207,-1.35655
-0.058,-0.0579836,-0.634113,-1.35827
-0.057,-0.056985,-0.631983,-1.35999
-0.056,-0.0559862,-0.629817,-1.36168
-0.055,-0.0549874,-0.627615,-1.36337
-0.054,-0.0539885,-0.625377,-1.36503
-0.053,-0.0529895,-0.623103,-1.36669
-0.052,-0.0519905,-0.620791,-1.36832
-0.051,-0.0509914,-0.618443,-1.36994
-0.05,-0.0499922,-0.616058,-1.37155
-0.049,-0.0489929,-0.613635,-1.37314
-0.048,-0.0479936,-0.611174,-1.37471
-0.047,-0.0469943,-0.608675,-1.37627
-0.046,-0.0459949,-0.606139,-1.37781
-0.045,-0.0449954,-0.603563,-1.37933
-0.044,-0.0439959,-0.600949,-1.38084
-0.043,-0.0429963,-0.598296,-1.38233
-0.042,-0.0419967,-0.595604,-1.38381
-0.041,-0.0409971,-0.592872,-1.38526
-0.04,-0.0399974,-0.5901,-1.3867
-0.039,-0.0389977,-0.587289,-1.38812
-0.038,-0.037998,-0.584437,-1.38953
-0.037,-0.0369983,-0.581544,-1.39092
-0.036,-0.0359985,-0.578611,-1.39229
-0.035,-0.0349987,-0.575637,-1.39364
-0.034,-0.0339989,-0.572621,-1.39497
-0.033,-0.032999,-0.569564,-1.39629
-0.032,-0.0319992,-0.566464,-1.39758
-0.031,-0.0309993,-0.563323,-1.39886
-0.03,-0.0299994,-0.560139,-1.40012
-0.029,-0.0289995,-0.556913,-1.40136
-0.028,-0.0279996,-0.553643,-1.40259
-0.027,-0.0269996,-0.55033,-1.40379
-0.026,-0.0259997,-0.546974,-1.40497
-0.025,-0.0249998,-0.543574,-1.40614
-0.024,-0.0239998,-0.54013,-1.40728
-0.023,-0.0229998,-0.536641,-1.40841
-0.022,-0.0219999,-0.533108,-1.40951
-0.021,-0.0209999,-0.52953,-1.4106
-0.02,-0.0199999,-0.525907,-1.41166
-0.019,-0.0189999,-0.522238,-1.4127
-0.018,-0.018,-0.518524,-1.41373
-0.017,-0.017,-0.514764,-1.41473
-0.016,-0.016,-0.510957,-1.41571
-0.015,-0.015,-0.507103,-1.41667
-0.014,-0.014,-0.503203,-1.41761
-0.013,-0.013,-0.499256,-1.41853
-0.012,-0.012,-0.495261,-1.41943
-0.011,-0.011,-0.491218,-1.42031
-0.01,-0.01,-0.487127,-1.42116
-0.009,-0.009,-0.482988,-1.42199
-0.008,-0.008,-0.4788,-1.4228
-0.007,-0.007,-0.474563,-1.42359
-0.006,-0.006,-0.470277,-1.42435
-0.005,-0.005,-0.465941,-1.42509
-0.004,-0.004,-0.461556,-1.42581
-0.003,-0.003,-0.45712,-1.42651
-0.002,-0.002,-0.452634,-1.42718
-0.001,-0.001,-0.448097,-1.42783
0,0,-0.443509,-1.42846
0.001,0.001,-0.438869,-1.42906
0.002,0.002,-0.434178,-1.42964
0.003,0.003,-0.429435,-1.43019
0.004,0.004,-0.42464,-1.43072
0.005,0.005,-0.419792,-1.43123
0.006,0.006,-0.414891,-1.43171
0.007,0.007,-0.409937,-1.43217
0.008,0.008,-0.404929,-1.4326
0.009,0.009,-0.399867,-1.43301
0.01,0.01,-0.394752,-1.43339
0.011,0.011,-0.389581,-1.43374
0.012,0.012,-0.384356,-1.43407
0.013,0.013,-0.379076,-1.43438
0.014,0.014,-0.37374,-1.43465
0.015,0.015,-0.368349,-1.43491
0.016,0.016,-0.362901,-1.43513
0.017,0.017,-0.357397,-1.43533
0.018,0.018,-0.351836,-1.4355
0.019,0.0189999,-0.346218,-1.43565
0.02,0.0199999,-0.340542,-1.43577
0.021,0.0209999,-0.334809,-1.43586
0.022,0.0219999,-0.329018,-1.43592
0.023,0.0229998,-0.323168,-1.43596
0.024,0.0239998,-0.31726,-1.43596
0.025,0.0249998,-0.311292,-1.43594
0.026,0.0259997,-0.305265,-1.43589
0.027,0.0269996,-0.299178,-1.43582
0.028,0.0279996,-0.293031,-1.43571
0.029,0.0289995,-0.286824,-1.43558
0.03,0.0299994,-0.280556,-1.43541
0.031,0.0309993,-0.274226,-1.43522
0.032,0.0319992,-0.267835,-1.435
0.033,0.032999,-0.261383,-1.43475
0.034,0.0339989,-0.254868,-1.43447
0.035,0.0349987,-0.24829,-1.43415
0.036,0.0359985,-0.24165,-1.43381
0.037,0.0369983,-0.234947,-1.43344
0.038,0.037998,-0.228179,-1.43304
0.039,0.0389977,-0.221348,-1.4326
0.04,0.0399974,-0.214453,-1.43214
0.041,0.0409971,-0.207493,-1.43164
0.042,0.0419967,-0.200468,-1.43111
0.043,0.0429963,-0.193378,-1.43056
0.044,0.0439959,-0.186222,-1.42996
0.045,0.0449954,-0.178999,-1.42934
0.046,0.0459949,-0.171711,-1.42869
0.047,0.0469943,-0.164355,-1.428
0.048,0.0479936,-0.156933,-1.42728
0.049,0.0489929,-0.149442,-1.42653
0.05,0.0499922,-0.141884,-1.42574
0.051,0.0509914,-0.134258,-1.42492
0.052,0.0519905,-0.126563,-1.42407
0.053,0.0529895,-0.118799,-1.42318
0.054,0.0539885,-0.110965,-1.42226
0.055,0.0549874,-0.103062,-1.4213
0.056,0.0559862,-0.0950883,-1.42031
0.057,0.056985,-0.0870443,-1.41929
0.058,0.0579836,-0.0789294,-1.41823
0.059,0.0589821,-0.0707432,-1.41714
0.06,0.0599806,-0.0624853,-1.41601
0.061,0.0609789,-0.0541554,-1.41484
0.062,0.0619771,-0.045753,-1.41364
0.063,0.0629752,-0.0372778,-1.41241
0.064,0.0639732,-0.0287294,-1.41114
0.065,0.064971,-0.0201074,-1.40983
0.066,0.0659687,-0.0114114,-1.40848
0.067,0.0669663,-0.002641,-1.4071
0.068,0.0679637,0.00620416,-1.40568
0.069,0.0689609,0.0151245,-1.40423
0.07,0.069958,0.0241204,-1.40273
0.071,0.0709549,0.0331922,-1.4012
0.072,0.0719517,0.0423404,-1.39963
0.073,0.0729482,0.0515654,-1.39803
0.074,0.0739446,0.0608675,-1.39638
0.075,0.0749407,0.0702472,-1.3947
0.076,0.0759367,0.0797048,-1.39297
0.077,0.0769324,0.0892408,-1.39121
0.078,0.0779279,0.0988556,-1.38941
0.079,0.0789231,0.10855,-1.38757
0.08,0.0799182,0.118323,-1.38569
0.081,0.0809129,0.128177,-1.38377
0.082,0.0819074,0.138111,-1.38181
0.083,0.0829016,0.148125,-1.3798
0.084,0.0838956,0.158221,-1.37776
0.085,0.0848892,0.168399,-1.37568
0.086,0.0858826,0.178659,-1.37355
0.087,0.0868756,0.189001,-1.37139
0.088,0.0878683,0.199426,-1.36918
0.089,0.0888606,0.209934,-1.36693
0.09,0.0898526,0.220526,-1.36464
0.091,0.0908443,0.231203,-1.36231
0.092,0.0918355,0.241964,-1.35993
0.093,0.0928264,0.25281,-1.35751
0.094,0.0938169,0.263741,-1.35505
0.095,0.0948069,0.274758,-1.35254
0.096,0.0957966,0.285862,-1.34999
0.097,0.0967858,0.297052,-1.3474
0.098,0.0977745,0.30833,-1.34476
0.099,0.0987628,0.319695,-1.34208
0.1,0.0997506,0.331148,-1.33935
0.101,0.100738,0.34269,-1.33658
0.102,0.101725,0.35432,-1.33376
0.103,0.102711,0.36604,-1.3309
0.104,0.103697,0.37785,-1.32799
0.105,0.104682,0.38975,-1.32503
0.106,0.105666,0.40174,-1.32203
0.107,0.106651,0.413822,-1.31899
0.108,0.107634,0.425995,-1.31589
0.109,0.108617,0.438261,-1.31275
0.11,0.109599,0.450619,-1.30956
0.111,0.11058,0.463069,-1.30633
0.112,0.111561,0.475614,-1.30305
0.113,0.112541,0.488252,-1.29971
0.114,0.113521,0.500984,-1.29633
0.115,0.114499,0.513811,-1.29291
0.116,0.115477,0.526733,-1.28943
0.117,0.116454,0.539751,-1.2859
0.118,0.117431,0.552866,-1.28233
0.119,0.118406,0.566076,-1.2787
0.12,0.119381,0.579384,-1.27503
0.121,0.120355,0.592789,-1.2713
0.122,0.121328,0.606293,-1.26753
0.123,0.1223,0.619894,-1.2637
0.124,0.123271,0.633595,-1.25982
0.125,0.124242,0.647395,-1.25589
0.126,0.125211,0.661295,-1.25191
0.127,0.126179,0.675295,-1.24788
0.128,0.127147,0.689397,-1.2438
0.129,0.128113,0.703599,-1.23966
0.13,0.129078,0.717903,-1.23547
0.131,0.130043,0.73231,-1.23123
0.132,0.131006,0.746819,-1.22693
0.133,0.131968,0.761432,-1.22258
0.134,0.132929,0.776148,-1.21818
0.135,0.133888,0.790968,-1.21372
0.136,0.134847,0.805893,-1.20921
0.137,0.135804,0.820923,-1.20465
0.138,0.13676,0.836059,-1.20003
0.139,0.137715,0.851301,-1.19535
0.14,0.138668,0.86665,-1.19062
0.141,0.13962,0.882106,-1.18583
0.142,0.140571,0.897669,-1.18099
0.143,0.141521,0.913341,-1.17609
0.144,0.142469,0.929121,-1.17113
0.145,0.143415,0.945011,-1.16611
0.146,0.14436,0.96101,-1.16104
0.147,0.145304,0.977119,-1.15591
0.148,0.146246,0.993339,-1.15073
0.149,0.147186,1.00967,-1.14548
0.15,0.148125,1.02611,-1.14018
0.151,0.149063,1.04267,-1.13482
0.152,0.149998,1.05933,-1.12939
0.153,0.150932,1.07612,-1.12391
0.154,0.151865,1.09301,-1.11837
0.155,0.152795,1.11002,-1.11277
0.156,0.153724,1.12714,-1.10711
0.157,0.154651,1.14438,-1.10139
0.158,0.155576,1.16173,-1.09561
0.159,0.156499,1.1792,-1.08976
0.16,0.157421,1.19679,-1.08386
0.161,0.15834,1.2145,-1.07789
0.162,0.159258,1.23232,-1.07186
0.163,0.160173,1.25026,-1.06577
0.164,0.161087,1.26832,-1.05961
0.165,0.161998,1.2865,-1.05339
0.166,0.162907,1.3048,-1.04711
0.167,0.163815,1.32322,-1.04077
0.168,0.16472,1.34176,-1.03436
0.169,0.165622,1.36042,-1.02788
0.17,0.166523,1.37921,-1.02135
0.171,0.167421,1.39811,-1.01474
0.172,0.168317,1.41714,-1.00807
0.173,0.169211,1.4363,-1.00134
0.174,0.170102,1.45558,-0.994538
0.175,0.170991,1.47498,-0.98767
0.176,0.171877,1.49451,-0.980737
0.177,0.172761,1.51416,-0.973736
0.178,0.173642,1.53394,-0.966667
0.179,0.174521,1.55385,-0.959531
0.18,0.175397,1.57389,-0.952327
0.181,0.17627,1.59405,-0.945055
0.182,0.177141,1.61434,-0.937714
0.183,0.178009,1.63476,-0.930304
0.184,0.178874,1.65531,-0.922825
0.185,0.179737,1.67599,-0.915276
0.186,0.180596,1.69681,-0.907657
0.187,0.181453,1.71775,-0.899967
0.188,0.182307,1.73883,-0.892207
0.189,0.183157,1.76003,-0.884376
0.19,0.184005,1.78138,-0.876473
0.191,0.18485,1.80285,-0.868499
0.192,0.185691,1.82446,-0.860453
0.193,0.18653,1.8462,-0.852334
0.194,0.187365,1.86808,-0.844142
0.195,0.188197,1.8901,-0.835877
0.196,0.189026,1.91225,-0.827539
0.197,0.189851,1.93454,-0.819127
0.198,0.190674,1.95697,-0.810641
0.199,0.191492,1.97953,-0.80208
0.2,0.192308,2.00224,-0.793445
0.201,0.19312,2.02508,-0.784734
0.202,0.193928,2.04806,-0.775948
0.203,0.194733,2.07119,-0.767085
0.204,0.195534,2.09445,-0.758147
0.205,0.196331,2.11786,-0.749131
0.206,0.197125,2.14141,-0.740039
0.207,0.197915,2.1651,-0.730869
0.208,0.198702,2.18894,-0.721622
0.209,0.199484,2.21292,-0.712296
0.21,0.200263,2.23704,-0.702892
0.211,0.201038,2.26131,-0.693409
0.212,0.201809,2.28573,-0.683847
0.213,0.202576,2.31029,-0.674206
0.214,0.203339,2.335,-0.664484
0.215,0.204097,2.35986,-0.654682
0.216,0.204852,2.38486,-0.6448
0.217,0.205603,2.41002,-0.634836
0.218,0.206349,2.43532,-0.624791
0.219,0.207091,2.46078,-0.614664
0.22,0.207829,2.48638,-0.604455
0.221,0.208562,2.51214,-0.594163
0.222,0.209291,2.53805,-0.583789
0.223,0.210016,2.56411,-0.573331
0.224,0.210736,2.59032,-0.562789
0.225,0.211452,2.61669,-0.552164
0.226,0.212163,2.64321,-0.541453
0.227,0.21287,2.66989,-0.530659
0.228,0.213571,2.69672,-0.519778
0.229,0.214269,2.72371,-0.508813
0.23,0.214961,2.75086,-0.497761
0.231,0.215649,2.77816,-0.486622
0.232,0.216332,2.80562,-0.475397
0.233,0.21701,2.83324,-0.464085
0.234,0.217683,2.86102,-0.452686
0.235,0.218352,2.88896,-0.441198
0.236,0.219015,2.91706,-0.429622
0.237,0.219673,2.94532,-0.417957
0.238,0.220327,2.97375,-0.406203
0.239,0.220975,3.00233,-0.39436
0.24,0.221618,3.03108,-0.382426
0.241,0.222256,3.05999,-0.370402
0.242,0.222889,3.08907,-0.358288
0.243,0.223516,3.11832,-0.346082
0.244,0.224138,3.14772,-0.333785
0.245,0.224755,3.1773,-0.321396
0.246,0.225367,3.20704,-0.308914
0.247,0.225973,3.23695,-0.29634
0.248,0.226573,3.26703,-0.283672
0.249,0.227168,3.29727,-0.270911
0.25,0.227758,3.32769,-0.258056
0.251,0.228342,3.35828,-0.245106
0.252,0.22892,3.38903,-0.232062
0.253,0.229493,3.41996,-0.218922
0.254,0.23006,3.45106,-0.205687
0.255,0.230622,3.48234,-0.192356
0.256,0.231178,3.51378,-0.178928
0.257,0.231727,3.54541,-0.165403
0.258,0.232271,3.5772,-0.151781
0.259,0.23281,3.60917,-0.138061
0.26,0.233342,3.64132,-0.124243
0.261,0.233869,3.67365,-0.110327
0.262,0.234389,3.70615,-0.096311
0.263,0.234903,3.73883,-0.0821959
0.264,0.235412,3.77169,-0.0679809
0.265,0.235914,3.80473,-0.0536655
0.266,0.236411,3.83795,-0.0392495
0.267,0.236901,3.87135,-0.0247322
0.268,0.237385,3.90493,-0.0101133
0.269,0.237863,3.93869,0.00460758
0.27,0.238335,3.97264,0.019431
0.271,0.2388,4.00677,0.0343573
0.272,0.23926,4.04108,0.049387
0.273,0.239712,4.07558,0.0645204
0.274,0.240159,4.11026,0.0797581
0.275,0.240599,4.14513,0.0951005
0.276,0.241033,4.18019,0.110548
0.277,0.241461,4.21543,0.126101
0.278,0.241882,4.25087,0.14176
0.279,0.242297,4.28649,0.157526
0.28,0.242705,4.3223,0.173398
0.281,0.243107,4.3583,0.189378
0.282,0.243502,4.39449,0.205465
0.283,0.243891,4.43088,0.221661
0.284,0.244273,4.46746,0.237966
0.285,0.244648,4.50423,0.25438
0.286,0.245017,4.54119,0.270903
0.287,0.24538,4.57835,0.287536
0.288,0.245735,4.6157,0.30428
0.289,0.246084,4.65325,0.321135
0.29,0.246427,4.691,0.338102
0.291,0.246762,4.72894,0.35518
0.292,0.247091,4.76708,0.372371
0.293,0.247414,4.80542,0.389674
0.294,0.247729,4.84396,0.407091
0.295,0.248038,4.8827,0.424622
0.296,0.24834,4.92164,0.442267
0.297,0.248635,4.96078,0.460026
0.298,0.248924,5.00012,0.477901
0.299,0.249205,5.03967,0.495891
0.3,0.24948,5.07942,0.513998
0.301,0.249748,5.11937,0.532221
0.302,0.250009,5.15953,0.550561
0.303,0.250264,5.1999,0.569019
0.304,0.250511,5.24047,0.587595
0.305,0.250752,5.28124,0.606289
0.306,0.250986,5.32223,0.625103
0.307,0.251213,5.36343,0.644036
0.308,0.251433,5.40483,0.663088
0.309,0.251646,5.44644,0.682262
0.31,0.251852,5.48827,0.701556
0.311,0.252052,5.53031,0.720971
0.312,0.252244,5.57255,0.740509
0.313,0.25243,5.61501,0.760169
0.314,0.252609,5.65769,0.779952
0.315,0.252781,5.70058,0.799858
0.316,0.252946,5.74368,0.819888
0.317,0.253104,5.787,0.840042
0.318,0.253255,5.83054,0.860322
0.319,0.253399,5.87429,0.880726
0.32,0.253537,5.91827,0.901257
0.321,0.253667,5.96246,0.921914
0.322,0.253791,6.00687,0.942698
0.323,0.253908,6.0515,0.963609
0.324,0.254018,6.09635,0.984648
0.325,0.254121,6.14142,1.00582
0.326,0.254218,6.18672,1.02711
0.327,0.254307,6.23223,1.04854
0.328,0.25439,6.27798,1.07009
0.329,0.254466,6.32394,1.09178
0.33,0.254535,6.37014,1.1136
0.331,0.254598,6.41655,1.13555
0.332,0.254653,6.4632,1.15763
0.333,0.254702,6.51007,1.17984
0.334,0.254744,6.55717,1.20218
0.335,0.25478,6.6045,1.22466
0.336,0.254808,6.65206,1.24728
0.337,0.25483,6.69985,1.27003
0.338,0.254846,6.74787,1.29291
0.339,0.254854,6.79613,1.31593
0.34,0.254857,6.84461,1.33908
0.341,0.254852,6.89333,1.36237
0.342,0.254841,6.94229,1.3858
0.343,0.254823,6.99147,1.40937
0.344,0.254799,7.0409,1.43307
0.345,0.254768,7.09056,1.45692
0.346,0.254731,7.14046,1.4809
0.347,0.254687,7.1906,1.50502
0.348,0.254636,7.24097,1.52929
0.349,0.25458,7.29159,1.55369
0.35,0.254517,7.34244,1.57824
0.351,0.254447,7.39354,1.60292
0.352,0.254371,7.44487,1.62775
0.353,0.254289,7.49646,1.65273
0.354,0.2542,7.54828,1.67784
0.355,0.254106,7.60035,1.70311
0.356,0.254004,7.65266,1.72851
0.357,0.253897,7.70522,1.75406
0.358,0.253784,7.75802,1.77976
0.359,0.253664,7.81107,1.8056
0.36,0.253538,7.86437,1.83159
0.361,0.253406,7.91792,1.85773
0.362,0.253268,7.97172,1.88402
0.363,0.253125,8.02577,1.91045
0.364,0.252975,8.08006,1.93703
0.365,0.252819,8.13462,1.96377
0.366,0.252657,8.18942,1.99065
0.367,0.252489,8.24447,2.01769
0.368,0.252315,8.29978,2.04487
0.369,0.252136,8.35535,2.07221
0.37,0.251951,8.41117,2.0997
0.371,0.25176,8.46724,2.12734
0.372,0.251563,8.52358,2.15514
0.373,0.251361,8.58017,2.18309
0.374,0.251153,8.63702,2.2112
0.375,0.250939,8.69413,2.23946
0.376,0.25072,8.7515,2.26788
0.377,0.250496,8.80913,2.29645
0.378,0.250266,8.86702,2.32519
0.379,0.25003,8.92518,2.35408
0.38,0.249789,8.98359,2.38312
0.381,0.249543,9.04227,2.41233
0.382,0.249291,9.10122,2.4417
0.383,0.249034,9.16043,2.47122
0.384,0.248772,9.21991,2.50091
0.385,0.248505,9.27966,2.53076
0.386,0.248232,9.33967,2.56077
0.387,0.247955,9.39995,2.59094
0.388,0.247672,9.4605,2.62127
0.389,0.247384,9.52132,2.65177
0.39,0.247092,9.58242,2.68244
0.391,0.246794,9.64378,2.71326
0.392,0.246492,9.70542,2.74426
0.393,0.246185,9.76733,2.77542
0.394,0.245873,9.82951,2.80674
0.395,0.245556,9.89197,2.83823
0.396,0.245234,9.9547,2.86989
0.397,0.244908,10.0177,2.90172
0.398,0.244578,10.081,2.93372
0.399,0.244242,10.1446,2.96589
0.4,0.243902,10.2084,2.99823
0.401,0.243558,10.2725,3.03074
0.402,0.243209,10.3369,3.06342
0.403,0.242856,10.4016,3.09627
0.404,0.242499,10.4666,3.12929
0.405,0.242137,10.5318,3.16249
0.406,0.241771,10.5974,3.19587
0.407,0.241401,10.6632,3.22941
0.408,0.241027,10.7293,3.26313
0.409,0.240649,10.7957,3.29703
0.41,0.240266,10.8624,3.33111
0.411,0.23988,10.9293,3.36536
0.412,0.23949,10.9966,3.39979
0.413,0.239095,11.0641,3.43439
0.414,0.238697,11.1319,3.46918
0.415,0.238295,11.2001,3.50414
0.416,0.23789,11.2685,3.53929
0.417,0.23748,11.3372,3.57462
0.418,0.237067,11.4062,3.61013
0.419,0.236651,11.4755,3.64582
0.42,0.236231,11.545,3.68169
0.421,0.235807,11.6149,3.71774
0.422,0.23538,11.6851,3.75398
0.423,0.234949,11.7556,3.79041
0.424,0.234515,11.8263,3.82702
0.425,0.234078,11.8974,3.86382
0.426,0.233637,11.9688,3.9008
0.427,0.233194,12.0404,3.93797
0.428,0.232747,12.1124,3.97533
0.429,0.232297,12.1847,4.01287
0.43,0.231843,12.2572,4.05061
0.431,0.231387,12.3301,4.08853
0.432,0.230928,12.4033,4.12665
0.433,0.230466,12.4768,4.16496
0.434,0.230001,12.5505,4.20345
0.435,0.229533,12.6246,4.24214
0.436,0.229062,12.699,4.28103
0.437,0.228589,12.7737,4.32011
0.438,0.228113,12.8487,4.35938
0.439,0.227634,12.9241,4.39885
0.44,0.227153,12.9997,4.43851
0.441,0.226669,13.0756,4.47837
0.442,0.226182,13.1519,4.51843
0.443,0.225693,13.2285,4.55868
0.444,0.225202,13.3053,4.59914
0.445,0.224708,13.3825,4.63979
0.446,0.224212,13.46,4.68064
0.447,0.223714,13.5379,4.72169
0.448,0.223213,13.616,4.76295
0.449,0.22271,13.6945,4.8044
0.45,0.222205,13.7732,4.84606
0.451,0.221698,13.8523,4.88792
0.452,0.221189,13.9317,4.92999
0.453,0.220678,14.0115,4.97226
0.454,0.220164,14.0915,5.01473
0.455,0.219649,14.1719,5.05742
0.456,0.219132,14.2526,5.1003
0.457,0.218613,14.3336,5.1434
0.458,0.218093,14.4149,5.1867
0.459,0.21757,14.4966,5.23021
0.46,0.217046,14.5786,5.27394
0.461,0.21652,14.6609,5.31787
0.462,0.215993,14.7435,5.36201
0.463,0.215464,14.8265,5.40636
0.464,0.214933,14.9098,5.45093
0.465,0.214401,14.9934,5.49571
0.466,0.213868,15.0774,5.5407
0.467,0.213333,15.1617,5.58591
0.468,0.212796,15.2463,5.63133
0.469,0.212258,15.3313,5.67697
0.47,0.211719,15.4165,5.72282
0.471,0.211179,15.5022,5.7689
0.472,0.210637,15.5881,5.81519
0.473,0.210095,15.6744,5.86169
0.474,0.209551,15.761,5.90842
0.475,0.209006,15.848,5.95537
0.476,0.20846,15.9353,6.00254
0.477,0.207912,16.0229,6.04993
0.478,0.207364,16.1109,6.09754
0.479,0.206815,16.1992,6.14538
0.48,0.206265,16.2878,6.19344
0.481,0.205714,16.3768,6.24172
0.482,0.205162,16.4662,6.29023
0.483,0.20461,16.5558,6.33896
0.484,0.204056,16.6458,6.38792
0.485,0.203502,16.7362,6.43711
0.486,0.202947,16.8269,6.48653
0.487,0.202391,16.918,6.53617
0.488,0.201835,17.0094,6.58605
0.489,0.201278,17.1011,6.63615
0.49,0.200721,17.1932,6.68649
0.491,0.200163,17.2856,6.73706
0.492,0.199604,17.3784,6.78786
0.493,0.199046,17.4716,6.83889
0.494,0.198486,17.5651,6.89016
0.495,0.197926,17.6589,6.94166
0.496,0.197366,17.7531,6.9934
0.497,0.196805,17.8476,7.04537
0.498,0.196245,17.9425,7.09758
0.499,0.195683,18.0378,7.15003
0.5,0.195122,18.1334,7.20272
0.501,0.19456,18.2294,7.25565
0.502,0.193998,18.3257,7.30881
0.503,0.193436,18.4224,7.36222
0.504,0.192874,18.5194,7.41587
0.505,0.192312,18.6168,7.46976
0.506,0.191749,18.7145,7.52389
0.507,0.191187,18.8126,7.57827
0.508,0.190624,18.9111,7.63289
0.509,0.190062,19.0099,7.68776
0.51,0.189499,19.1091,7.74288
0.511,0.188937,19.2087,7.79824
0.512,0.188375,19.3086,7.85385
0.513,0.187812,19.4089,7.90971
0.514,0.18725,19.5095,7.96581
0.515,0.186688,19.6105,8.02217
0.516,0.186127,19.7119,8.07878
0.517,0.185565,19.8136,8.13564
0.518,0.185004,19.9158,8.19275
0.519,0.184443,20.0182,8.25011
0.52,0.183882,20.1211,8.30773
0.521,0.183321,20.2243,8.3656
0.522,0.182761,20.3279,8.42373
0.523,0.182201,20.4318,8.48212
0.524,0.181642,20.5362,8.54076
0.525,0.181083,20.6408,8.59966
0.526,0.180524,20.7459,8.65882
0.527,0.179966,20.8514,8.71824
0.528,0.179408,20.9572,8.77792
0.529,0.178851,21.0634,8.83786
0.53,0.178294,21.1699,8.89806
0.531,0.177738,21.2769,8.95852
0.532,0.177182,21.3842,9.01925
0.533,0.176627,21.4919,9.08024
0.534,0.176072,21.5999,9.1415
0.535,0.175518,21.7084,9.20302
0.536,0.174965,21.8172,9.26481
0.537,0.174412,21.9264,9.32687
0.538,0.17386,22.036,9.3892
0.539,0.173308,22.146,9.45179
0.54,0.172758,22.2563,9.51466
0.541,0.172208,22.3671,9.57779
0.542,0.171658,22.4782,9.6412
0.543,0.17111,22.5897,9.70488
0.544,0.170562,22.7016,9.76883
0.545,0.170015,22.8138,9.83306
0.546,0.169469,22.9265,9.89756
0.547,0.168924,23.0395,9.96234
0.548,0.168379,23.1529,10.0274
0.549,0.167835,23.2667,10.0927
0.55,0.167292,23.3809,10.1583
0.551,0.16675,23.4955,10.2242
0.552,0.166209,23.6105,10.2904
0.553,0.165669,23.7258,10.3568
0.554,0.16513,23.8416,10.4236
0.555,0.164591,23.9577,10.4906
0.556,0.164054,24.0742,10.5579
0.557,0.163518,24.1912,10.6255
0.558,0.162982,24.3085,10.6933
0.559,0.162448,24.4262,10.7615
0.56,0.161914,24.5443,10.8299
0.561,0.161382,24.6628,10.8986
0.562,0.16085,24.7817,10.9677
0.563,0.16032,24.9009,11.037
0.564,0.15979,25.0206,11.1065
0.565,0.159262,25.1407,11.1764
0.566,0.158735,25.2611,11.2466
0.567,0.158208,25.382,11.3171
0.568,0.157683,25.5033,11.3878
0.569,0.157159,25.6249,11.4589
0.57,0.156636,25.747,11.5302
0.571,0.156115,25.8694,11.6019
0.572,0.155594,25.9923,11.6738
0.573,0.155074,26.1155,11.7461
0.574,0.154556,26.2392,11.8186
0.575,0.154039,26.3632,11.8914
0.576,0.153523,26.4877,11.9646
0.577,0.153008,26.6126,12.038
0.578,0.152494,26.7378,12.1118
0.579,0.151982,26.8635,12.1858
0.58,0.151471,26.9895,12.2602
0.581,0.150961,27.116,12.3348
0.582,0.150452,27.2429,12.4098
0.583,0.149944,27.3702,12.485
0.584,0.149438,27.4978,12.5606
0.585,0.148933,27.6259,12.6365
0.586,0.148429,27.7544,12.7127
0.587,0.147926,27.8833,12.7892
0.588,0.147425,28.0126,12.866
0.589,0.146925,28.1423,12.9431
0.59,0.146426,28.2725,13.0206
0.591,0.145928,28.403,13.0983
0.592,0.145432,28.5339,13.1764
0.593,0.144937,28.6653,13.2548
0.594,0.144444,28.797,13.3334
0.595,0.143951,28.9292,13.4125
0.596,0.14346,29.0618,13.4918
0.597,0.142971,29.1947,13.5714
0.598,0.142482,29.3281,13.6514
0.599,0.141995,29.462,13.7317
0.6,0.141509,29.5962,13.8123
0.601,0.141025,29.7308,13.8932
0.602,0.140542,29.8658,13.9745
0.603,0.14006,30.0013,14.0561
0.604,0.13958,30.1372,14.138
0.605,0.139101,30.2734,14.2202
0.606,0.138623,30.4101,14.3028
0.607,0.138147,30.5473,14.3857
0.608,0.137672,30.6848,14.4689
0.609,0.137199,30.8227,14.5524
0.61,0.136727,30.9611,14.6363
0.611,0.136256,31.0998,14.7205
0.612,0.135786,31.239,14.8051
0.613,0.135318,31.3786,14.8899
0.614,0.134852,31.5186,14.9751
0.615,0.134386,31.6591,15.0607
0.616,0.133923,31.7999,15.1466
0.617,0.13346,31.9412,15.2328
0.618,0.132999,32.0829,15.3193
0.619,0.132539,32.225,15.4062
0.62,0.132081,32.3675,15.4935
0.621,0.131624,32.5104,15.581
0.622,0.131169,32.6538,15.669
0.623,0.130715,32.7976,15.7572
0.624,0.130262,32.9418,15.8458
0.625,0.129811,33.0864,15.9348
0.626,0.129361,33.2314,16.0241
0.627,0.128913,33.3769,16.1137
0.628,0.128466,33.5228,16.2037
0.629,0.12802,33.6691,16.294
0.63,0.127576,33.8158,16.3847
0.631,0.127133,33.9629,16.4757
0.632,0.126692,34.1105,16.5671
0.633,0.126252,34.2584,16.6589
0.634,0.125813,34.4068,16.751
0.635,0.125376,34.5556,16.8434
0.636,0.12494,34.7049,16.9362
0.637,0.124506,34.8546,17.0294
0.638,0.124073,35.0046,17.1229
0.639,0.123642,35.1551,17.2168
0.64,0.123212,35.3061,17.311
0.641,0.122783,35.4574,17.4056
0.642,0.122356,35.6092,17.5005
0.643,0.12193,35.7614,17.5959
0.644,0.121506,35.914,17.6915
0.645,0.121083,36.067,17.7876
0.646,0.120662,36.2205,17.884
0.647,0.120242,36.3744,17.9808
0.648,0.119823,36.5287,18.0779
0.649,0.119406,36.6834,18.1754
0.65,0.11899,36.8386,18.2733
0.651,0.118575,36.9941,18.3715
0.652,0.118162,37.1501,18.4701
0.653,0.117751,37.3066,18.5691
0.654,0.11734,37.4634,18.6685
0.655,0.116932,37.6207,18.7682
0.656,0.116524,37.7784,18.8683
0.657,0.116118,37.9365,18.9688
0.658,0.115714,38.095,19.0696
0.659,0.115311,38.254,19.1709
0.66,0.114909,38.4134,19.2725
0.661,0.114508,38.5732,19.3745
0.662,0.11411,38.7334,19.4769
0.663,0.113712,38.8941,19.5796
0.664,0.113316,39.0551,19.6828
0.665,0.112921,39.2166,19.7863
0.666,0.112528,39.3785,19.8902
0.667,0.112136,39.5409,19.9945
0.668,0.111745,39.7037,20.0991
0.669,0.111356,39.8668,20.2042
0.67,0.110968,40.0305,20.3097
0.671,0.110581,40.1945,20.4155
0.672,0.110196,40.3589,20.5217
0.673,0.109813,40.5238,20.6284
0.674,0.10943,40.6891,20.7354
0.675,0.109049,40.8548,20.8428
0.676,0.10867,41.021,20.9506
0.677,0.108292,41.1875,21.0588
0.678,0.107915,41.3545,21.1674
0.679,0.107539,41.5219,21.2764
0.68,0.107165,41.6898,21.3858
0.681,0.106792,41.858,21.4956
0.682,0.106421,42.0267,21.6058
0.683,0.106051,42.1958,21.7164
0.684,0.105682,42.3653,21.8273
0.685,0.105315,42.5352,21.9387
0.686,0.104949,42.7056,22.0505
0.687,0.104584,42.8763,22.1628
0.688,0.104221,43.0475,22.2754
0.689,0.103859,43.2191,22.3884
0.69,0.103498,43.3911,22.5018
0.691,0.103139,43.5636,22.6157
0.692,0.102781,43.7364,22.7299
0.693,0.102424,43.9097,22.8446
0.694,0.102069,44.0834,22.9597
0.695,0.101715,44.2575,23.0752
0.696,0.101362,44.4321,23.1911
0.697,0.101011,44.607,23.3074
0.698,0.100661,44.7824,23.4241
0.699,0.100312,44.9581,23.5413
0.7,0.0999643,45.1343,23.6589
0.701,0.0996181,45.3109,23.7769
0.702,0.0992732,45.488,23.8953
0.703,0.0989296,45.6654,24.0141
0.704,0.0985873,45.8432,24.1334
0.705,0.0982463,46.0215,24.2531
0.706,0.0979065,46.2002,24.3732
0.707,0.097568,46.3792,24.4937
0.708,0.0972308,46.5587,24.6147
0.709,0.0968949,46.7386,24.7361
0.71,0.0965603,46.919,24.8579
0.711,0.0962269,47.0997,24.9802
0.712,0.0958948,47.2808,25.1028
0.713,0.0955639,47.4624,25.226
0.714,0.0952343,47.6443,25.3495
0.715,0.0949059,47.8267,25.4735
0.716,0.0945788,48.0094,25.5979
0.717,0.094253,48.1926,25.7228
0.718,0.0939283,48.3762,25.8481
0.719,0.093605,48.5602,25.9738
0.72,0.0932828,48.7446,26.1
0.721,0.0929619,48.9294,26.2266
0.722,0.0926422,49.1146,26.3537
0.723,0.0923237,49.3002,26.4812
0.724,0.0920065,49.4862,26.6091
0.725,0.0916904,49.6726,26.7375
0.726,0.0913756,49.8594,26.8664
0.727,0.091062,50.0466,26.9957
0.728,0.0907496,50.2342,27.1254
0.729,0.0904384,50.4222,27.2556
0.73,0.0901283,50.6106,27.3862
0.731,0.0898195,50.7994,27.5173
0.732,0.0895119,50.9886,27.6489
0.733,0.0892055,51.1781,27.7808
0.734,0.0889002,51.3681,27.9133
0.735,0.0885961,51.5585,28.0462
0.736,0.0882932,51.7493,28.1796
0.737,0.0879914,51.9404,28.3134
0.738,0.0876909,52.132,28.4477
0.739,0.0873915,52.3239,28.5824
0.74,0.0870932,52.5163,28.7176
0.741,0.0867961,52.709,28.8533
0.742,0.0865002,52.9021,28.9894
0.743,0.0862054,53.0956,29.126
0.744,0.0859117,53.2895,29.2631
0.745,0.0856192,53.4837,29.4006
0.746,0.0853278,53.6784,29.5386
0.747,0.0850376,53.8734,29.6771
0.748,0.0847485,54.0688,29.816
0.749,0.0844605,54.2646,29.9555
0.75,0.0841736,54.4608,30.0953
0.751,0.0838879,54.6574,30.2357
0.752,0.0836032,54.8543,30.3765
0.753,0.0833197,55.0516,30.5178
0.754,0.0830373,55.2493,30.6596
0.755,0.0827559,55.4474,30.8019
0.756,0.0824757,55.6458,30.9446
0.757,0.0821966,55.8446,31.0879
0.758,0.0819185,56.0438,31.2316
0.759,0.0816416,56.2433,31.3758
0.76,0.0813657,56.4432,31.5204
0.761,0.0810909,56.6435,31.6656
0.762,0.0808172,56.8442,31.8112
0.763,0.0805445,57.0452,31.9574
0.764,0.080273,57.2466,32.104
0.765,0.0800024,57.4483,32.2511
0.766,0.079733,57.6504,32.3987
0.767,0.0794646,57.8529,32.5468
0.768,0.0791972,58.0557,32.6954
0.769,0.0789309,58.2589,32.8444
0.77,0.0786657,58.4624,32.994
0.771,0.0784014,58.6663,33.1441
0.772,0.0781383,58.8705,33.2946
0.773,0.0778761,59.0751,33.4457
0.774,0.077615,59.2801,33.5973
0.775,0.0773549,59.4854,33.7493
0.776,0.0770958,59.691,33.9019
0.777,0.0768377,59.897,34.055
0.778,0.0765807,60.1034,34.2085
0.779,0.0763247,60.31,34.3626
0.78,0.0760696,60.5171,34.5172
0.781,0.0758156,60.7244,34.6723
0.782,0.0755626,60.9321,34.8279
0.783,0.0753105,61.1402,34.984
0.784,0.0750595,61.3485,35.1406
0.785,0.0748094,61.5573,35.2978
0.786,0.0745603,61.7663,35.4554
0.787,0.0743122,61.9757,35.6136
0.788,0.0740651,62.1854,35.7722
0.789,0.073819,62.3954,35.9314
0.79,0.0735738,62.6058,36.0911
0.791,0.0733296,62.8164,36.2514
0.792,0.0730863,63.0274,36.4121
0.793,0.072844,63.2388,36.5734
0.794,0.0726027,63.4504,36.7352
0.795,0.0723623,63.6624,36.8975
0.796,0.0721228,63.8746,37.0603
0.797,0.0718843,64.0872,37.2237
0.798,0.0716467,64.3001,37.3876
0.799,0.0714101,64.5133,37.552
0.8,0.0711744,64.7269,37.717
0.801,0.0709396,64.9407,37.8825
0.802,0.0707057,65.1548,38.0485
0.803,0.0704728,65.3692,38.215
0.804,0.0702408,65.584,38.3821
0.805,0.0700097,65.799,38.5497
0.806,0.0697795,66.0143,38.7179
0.807,0.0695502,66.23,38.8866
0.808,0.0693218,66.4459,39.0558
0.809,0.0690943,66.6621,39.2256
0.81,0.0688677,66.8786,39.3959
0.811,0.068642,67.0953,39.5667
0.812,0.0684172,67.3124,39.7381
0.813,0.0681933,67.5298,39.91
0.814,0.0679702,67.7474,40.0825
0.815,0.067748,67.9653,40.2556
0.816,0.0675267,68.1835,40.4291
0.817,0.0673063,68.4019,40.6033
0.818,0.0670867,68.6206,40.7779
0.819,0.066868,68.8396,40.9532
0.82,0.0666502,69.0589,41.129
0.821,0.0664332,69.2784,41.3053
0.822,0.066217,69.4982,41.4822
0.823,0.0660018,69.7182,41.6596
0.824,0.0657873,69.9385,41.8376
0.825,0.0655737,70.1591,42.0162
0.826,0.065361,70.3799,42.1953
0.827,0.065149,70.601,42.375
0.828,0.0649379,70.8223,42.5553
0.829,0.0647277,71.0438,42.7361
0.83,0.0645182,71.2656,42.9174
0.831,0.0643096,71.4876,43.0994
0.832,0.0641018,71.7099,43.2819
0.833,0.0638948,71.9324,43.465
0.834,0.0636887,72.1551,43.6486
0.835,0.0634833,72.3781,43.8328
0.836,0.0632787,72.6013,44.0176
0.837,0.063075,72.8247,44.203
0.838,0.062872,73.0484,44.3889
0.839,0.0626698,73.2722,44.5754
0.84,0.0624685,73.4963,44.7625
0.841,0.0622679,73.7206,44.9502
0.842,0.0620681,73.9451,45.1384
0.843,0.0618691,74.1698,45.3272
0.844,0.0616708,74.3947,45.5166
0.845,0.0614734,74.6198,45.7066
0.846,0.0612767,74.8451,45.8972
0.847,0.0610807,75.0706,46.0883
0.848,0.0608856,75.2964,46.2801
0.849,0.0606912,75.5222,46.4724
0.85,0.0604975,75.7483,46.6653
0.851,0.0603047,75.9746,46.8588
0.852,0.0601125,76.201,47.0529
0.853,0.0599212,76.4277,47.2476
0.854,0.0597305,76.6545,47.4429
0.855,0.0595406,76.8814,47.6388
0.856,0.0593515,77.1086,47.8352
0.857,0.0591631,77.3359,48.0323
0.858,0.0589754,77.5634,48.23
0.859,0.0587885,77.791,48.4282
0.86,0.0586023,78.0188,48.6271
0.861,0.0584168,78.2467,48.8266
0.862,0.058232,78.4748,49.0266
0.863,0.0580479,78.7031,49.2273
0.864,0.0578646,78.9314,49.4286
0.865,0.057682,79.16,49.6305
0.866,0.0575001,79.3886,49.833
0.867,0.0573189,79.6174,50.0361
0.868,0.0571384,79.8463,50.2398
0.869,0.0569586,80.0754,50.4441
0.87,0.0567795,80.3045,50.6491
0.871,0.0566011,80.5338,50.8546
0.872,0.0564233,80.7632,51.0608
0.873,0.0562463,80.9927,51.2676
0.874,0.05607,81.2224,51.475
0.875,0.0558943,81.4521,51.683
0.876,0.0557193,81.6819,51.8916
0.877,0.0555451,81.9118,52.1009
0.878,0.0553714,82.1419,52.3108
0.879,0.0551985,82.372,52.5213
0.88,0.0550262,82.6022,52.7324
0.881,0.0548546,82.8324,52.9442
0.882,0.0546836,83.0628,53.1566
0.883,0.0545133,83.2932,53.3696
0.884,0.0543437,83.5237,53.5832
0.885,0.0541747,83.7543,53.7975
0.886,0.0540064,83.9849,54.0124
0.887,0.0538387,84.2156,54.228
0.888,0.0536717,84.4463,54.4441
0.889,0.0535053,84.6771,54.6609
0.89,0.0533395,84.908,54.8784
0.891,0.0531744,85.1388,55.0965
0.892,0.0530099,85.3698,55.3152
0.893,0.0528461,85.6007,55.5346
0.894,0.0526829,85.8317,55.7546
0.895,0.0525203,86.0627,55.9752
0.896,0.0523584,86.2937,56.1965
0.897,0.052197,86.5248,56.4185
0.898,0.0520363,86.7558,56.6411
0.899,0.0518762,86.9869,56.8643
0.9,0.0517167,87.218,57.0882
0.901,0.0515578,87.449,57.3128
0.902,0.0513996,87.6801,57.538
0.903,0.0512419,87.9111,57.7638
0.904,0.0510848,88.1422,57.9903
0.905,0.0509284,88.3732,58.2175
0.906,0.0507725,88.6042,58.4453
0.907,0.0506173,88.8352,58.6738
0.908,0.0504626,89.0661,58.9029
0.909,0.0503085,89.297,59.1327
0.91,0.050155,89.5278,59.3631
0.911,0.0500021,89.7587,59.5943
0.912,0.0498498,89.9894,59.826
0.913,0.0496981,90.2201,60.0585
0.914,0.0495469,90.4507,60.2916
0.915,0.0493963,90.6813,60.5254
0.916,0.0492463,90.9118,60.7599
0.917,0.0490969,91.1422,60.995
0.918,0.048948,91.3726,61.2308
0.919,0.0487997,91.6028,61.4673
0.92,0.048652,91.833,61.7044
0.921,0.0485048,92.0631,61.9422
0.922,0.0483582,92.293,62.1807
0.923,0.0482121,92.5229,62.4199
0.924,0.0480666,92.7526,62.6598
0.925,0.0479216,92.9823,62.9003
0.926,0.0477772,93.2118,63.1415
0.927,0.0476333,93.4412,63.3834
0.928,0.04749,93.6704,63.626
0.929,0.0473472,93.8995,63.8693
0.93,0.047205,94.1285,64.1133
0.931,0.0470633,94.3573,64.3579
0.932,0.0469221,94.5859,64.6033
0.933,0.0467815,94.8144,64.8493
0.934,0.0466414,95.0428,65.096
0.935,0.0465018,95.2709,65.3434
0.936,0.0463628,95.4989,65.5915
0.937,0.0462243,95.7267,65.8404
0.938,0.0460863,95.9543,66.0899
0.939,0.0459488,96.1817,66.3401
0.94,0.0458118,96.4089,66.591
0.941,0.0456754,96.6359,66.8426
0.942,0.0455394,96.8627,67.0949
0.943,0.045404,97.0893,67.3479
0.944,0.0452691,97.3157,67.6016
0.945,0.0451347,97.5418,67.856
0.946,0.0450008,97.7677,68.1112
0.947,0.0448674,97.9933,68.367
0.948,0.0447344,98.2187,68.6236
0.949,0.044602,98.4438,68.8808
0.95,0.0444701,98.6687,69.1388
0.951,0.0443387,98.8933,69.3975
0.952,0.0442078,99.1176,69.6569
0.953,0.0440773,99.3417,69.917
0.954,0.0439474,99.5654,70.1778
0.955,0.0438179,99.7889,70.4394
0.956,0.0436889,100.012,70.7017
0.957,0.0435604,100.235,70.9647
0.958,0.0434324,100.458,71.2284
0.959,0.0433048,100.68,71.4928
0.96,0.0431778,100.902,71.758
0.961,0.0430512,101.123,72.0239
0.962,0.042925,101.344,72.2905
0.963,0.0427994,101.565,72.5579
0.964,0.0426742,101.786,72.826
0.965,0.0425494,102.006,73.0948
0.966,0.0424252,102.226,73.3643
0.967,0.0423014,102.445,73.6346
0.968,0.042178,102.664,73.9056
0.969,0.0420551,102.883,74.1774
0.97,0.0419327,103.101,74.4499
0.971,0.0418107,103.319,74.7231
0.972,0.0416891,103.537,74.9971
0.973,0.0415681,103.754,75.2718
0.974,0.0414474,103.97,75.5473
0.975,0.0413272,104.187,75.8235
0.976,0.0412075,104.402,76.1004
0.977,0.0410882,104.618,76.3781
0.978,0.0409693,104.833,76.6566
0.979,0.0408509,105.047,76.9357
0.98,0.0407329,105.261,77.2157
0.981,0.0406153,105.474,77.4964
0.982,0.0404982,105.687,77.7778
0.983,0.0403814,105.9,78.06
0.984,0.0402652,106.112,78.343
0.985,0.0401493,106.323,78.6267
0.986,0.0400339,106.534,78.9112
0.987,0.0399189,106.745,79.1964
0.988,0.0398043,106.955,79.4824
0.989,0.0396902,107.164,79.7692
0.99,0.0395764,107.373,80.0567
0.991,0.0394631,107.581,80.345
0.992,0.0393502,107.789,80.6341
0.993,0.0392377,107.996,80.9239
0.994,0.0391256,108.203,81.2145
0.995,0.0390139,108.409,81.5058
0.996,0.0389026,108.614,81.798
0.997,0.0387917,108.819,82.0909
0.998,0.0386813,109.023,82.3846
0.999,0.0385712,109.226,82.679
1,0.0384615,109.429,82.9743
